id,date,title,authors,link_abstract,link_pdf
1608.03608v2,2019-04-16 16:51:31,"Aristotle vs. Ringelmann: On Superlinear Production in Open Source
  Software",Thomas Maillart|Didier Sornette,http://arxiv.org/abs/1608.03608v2,http://arxiv.org/pdf/1608.03608v2
1705.04814v2,2018-01-16 21:49:35,Networks of open systems,Eugene Lerman,http://arxiv.org/abs/1705.04814v2,http://arxiv.org/pdf/1705.04814v2
1707.02264v3,2018-01-24 23:27:51,Journal of Open Source Software (JOSS): design and first-year review,Arfon M Smith|Kyle E Niemeyer|Daniel S Katz|Lorena A Barba|George Githinji|Melissa Gymrek|Kathryn D Huff|Christopher R Madan|Abigail Cabunoc Mayes|Kevin M Moerman|Pjotr Prins|Karthik Ram|Ariel Rokem|Tracy K Teal|Roman Valls Guimera|Jacob T Vanderplas,http://arxiv.org/abs/1707.02264v3,http://arxiv.org/pdf/1707.02264v3
1801.03625v2,2018-12-26 20:15:08,On Evaluating and Comparing Open Domain Dialog Systems,Anu Venkatesh|Chandra Khatri|Ashwin Ram|Fenfei Guo|Raefer Gabriel|Ashish Nagar|Rohit Prasad|Ming Cheng|Behnam Hedayatnia|Angeliki Metallinou|Rahul Goel|Shaohua Yang|Anirudh Raju,http://arxiv.org/abs/1801.03625v2,http://arxiv.org/pdf/1801.03625v2
1801.08200v1,2018-01-24 21:17:46,"Perspectives on Reproducibility and Sustainability of Open-Source
  Scientific Software from Seven Years of the Dedalus Project",Jeffrey S. Oishi|Benjamin P. Brown|Keaton J. Burns|Daniel Lecoanet|Geoffrey M. Vasil,http://arxiv.org/abs/1801.08200v1,http://arxiv.org/pdf/1801.08200v1
1803.09166v1,2018-03-24 21:39:57,"Go-Smart: Open-Ended, Web-Based Modelling of Minimally Invasive Cancer
  Treatments via a Clinical Domain Approach",Phil Weir|Roland Ellerweg|Stephen Payne|Dominic Reuter|Tuomas Alhonnoro|Philip Voglreiter|Panchatcharam Mariappan|Mika Pollari|Chang Sub Park|Peter Voigt|Tim van Oostenbrugge|Sebastian Fischer|Peter Kalmar|Jurgen Futterer|Philipp Stiegler|Stephan Zangos|Ronan Flanagan|Michael Moche|Marina Kolesnik,http://arxiv.org/abs/1803.09166v1,http://arxiv.org/pdf/1803.09166v1
1805.03784v1,2018-05-10 02:07:02,"SlugNERDS: A Named Entity Recognition Tool for Open Domain Dialogue
  Systems",Kevin K. Bowden|Jiaqi Wu|Shereen Oraby|Amita Misra|Marilyn Walker,http://arxiv.org/abs/1805.03784v1,http://arxiv.org/pdf/1805.03784v1
1805.12398v1,2018-05-31 09:49:50,"The Types, Roles, and Practices of Documentation in Data Analytics Open
  Source Software Libraries: A Collaborative Ethnography of Documentation Work",R. Stuart Geiger|Nelle Varoquaux|Charlotte Mazel-Cabasse|Chris Holdgraf,http://arxiv.org/abs/1805.12398v1,http://arxiv.org/pdf/1805.12398v1
1806.00678v1,2018-06-02 17:46:33,AutoRally An open platform for aggressive autonomous driving,Brian Goldfain|Paul Drews|Changxi You|Matthew Barulic|Orlin Velev|Panagiotis Tsiotras|James M. Rehg,http://arxiv.org/abs/1806.00678v1,http://arxiv.org/pdf/1806.00678v1
1808.08070v1,2018-08-24 10:06:44,"The Open Energy Modelling Framework (oemof) - A new approach to
  facilitate open science in energy system modelling",Simon Hilpert|Cord Kaldemeyer|Uwe Krien|Stefan Günther|Clemens Wingenbach|Guido Plessmann,http://arxiv.org/abs/1808.08070v1,http://arxiv.org/pdf/1808.08070v1
1809.11051v1,2018-09-28 14:16:46,A ROS-based Software Framework for the NimbRo-OP Humanoid Open Platform,Philipp Allgeuer|Max Schwarz|Julio Pastrana|Sebastian Schueller|Marcell Missura|Sven Behnke,http://arxiv.org/abs/1809.11051v1,http://arxiv.org/pdf/1809.11051v1
1810.07812v1,2018-10-17 21:37:59,Openness and Impact of Leading Scientific Countries,Caroline S. Wagner|Travis Whetsell|Jeroen Baas|Koen Jonkers,http://arxiv.org/abs/1810.07812v1,http://arxiv.org/pdf/1810.07812v1
1812.10175v1,2018-12-25 23:38:36,"The iEnvironment Platform: Developing an Open Science Software Platform
  for Integrated Environmental Monitoring and Modeling of Surface Water",Paulo Alencar|Donald Cowan|Doug Mulholland,http://arxiv.org/abs/1812.10175v1,http://arxiv.org/pdf/1812.10175v1
1812.10757v1,2018-12-27 16:17:30,"Advancing the State of the Art in Open Domain Dialog Systems through the
  Alexa Prize",Chandra Khatri|Behnam Hedayatnia|Anu Venkatesh|Jeff Nunn|Yi Pan|Qing Liu|Han Song|Anna Gottardi|Sanjeev Kwatra|Sanju Pancholi|Ming Cheng|Qinglang Chen|Lauren Stubel|Karthik Gopalakrishnan|Kate Bland|Raefer Gabriel|Arindam Mandal|Dilek Hakkani-Tur|Gene Hwang|Nate Michel|Eric King|Rohit Prasad,http://arxiv.org/abs/1812.10757v1,http://arxiv.org/pdf/1812.10757v1
1902.08245v1,2019-02-21 20:18:15,3D electromagnetic modelling and inversion: A case for open-source,Douglas W. Oldenburg|Lindsey J. Heagy|Seogi Kang|Rowan Cockett,http://arxiv.org/abs/1902.08245v1,http://arxiv.org/pdf/1902.08245v1
1903.02090v2,2020-01-27 17:51:39,Open-Sourced Reinforcement Learning Environments for Surgical Robotics,Florian Richter|Ryan K. Orosco|Michael C. Yip,http://arxiv.org/abs/1903.02090v2,http://arxiv.org/pdf/1903.02090v2
1903.03375v1,2019-03-08 11:29:56,Online division of labour: emergent structures in Open Source Software,María J. Palazzi|Jordi Cabot|Javier Luis Cánovas Izquierdo|Albert Solé-Ribalta|Javier Borge-Holthoefer,http://arxiv.org/abs/1903.03375v1,http://arxiv.org/pdf/1903.03375v1
1903.12554v1,2019-03-26 09:20:05,Linked Open Data Validity -- A Technical Report from ISWS 2018,Tayeb Abderrahmani Ghor|Esha Agrawal|Mehwish Alam|Omar Alqawasmeh|Claudia D'amato|Amina Annane|Amr Azzam|Andrew Berezovskyi|Russa Biswas|Mathias Bonduel|Quentin Brabant|Cristina-iulia Bucur|Elena Camossi|Valentina Anita Carriero|Shruthi Chari|David Chaves Fraga|Fiorela Ciroku|Michael Cochez|Hubert Curien|Vincenzo Cutrona|Rahma Dandan|Danilo Dess|Valerio Di Carlo|Ahmed El Amine Djebri|Marieke Van Erp|Faiq Miftakhul Falakh|Alba Fernndez Izquierdo|Giuseppe Futia|Aldo Gangemi|Simone Gasperoni|Arnaud Grall|Lars Heling|Pierre Henri|Noura Herradi|Subhi Issa|Samaneh Jozashoori|Nyoman Juniarta|Lucie-aime Kaffee|Ilkcan Keles|Prashant Khare|Viktor Kovtun|Valentina Leone|Siying Li|Sven Lieber|Pasquale Lisena|Tatiana Makhalova|Ludovica Marinucci|Thomas Minier|Benjamin Moreau|Alberto Moya Loustaunau|Durgesh Nandini|Sylwia Ozdowska|Amanda Pacini De Moura|Swati Padhee|Guillermo Palma|Pedro Del Pozo Jimnez|Valentina Presutti|Roberto Reda|Ettore Rizza|Henry Rosales-mndez|Sebastian Rudolph|Harald Sack|Luca Sciullo|Humasak Simanjuntak|Carlo Stomeo|Thiviyan Thanapalasingam|Tabea Tietz|Dalia Varanka|Maria-esther Vidal|Michael Wolowyk|Maximilian Zocholl,http://arxiv.org/abs/1903.12554v1,http://arxiv.org/pdf/1903.12554v1
1904.03307v1,2019-04-05 22:14:11,"Opening the low-background and high-spectral-resolution domain with the
  ATHENA large X-ray observatory: Development of the Cryogenic AntiCoincidence
  Detector for the X-ray Integral Field Unit",Matteo D'Andrea,http://arxiv.org/abs/1904.03307v1,http://arxiv.org/pdf/1904.03307v1
1907.05663v1,2019-07-12 10:27:42,"Modularization of Research Software for Collaborative Open Source
  Development",Christian Zirkelbach|Alexander Krause|Wilhelm Hasselbring,http://arxiv.org/abs/1907.05663v1,http://arxiv.org/pdf/1907.05663v1
1908.04014v1,2019-08-12 06:02:31,Douglas-Quaid -- Open Source Image Matching Library,Vincent Falconieri,http://arxiv.org/abs/1908.04014v1,http://arxiv.org/pdf/1908.04014v1
1908.04017v2,2019-08-27 09:21:36,"Using the Open Meta Kaggle Dataset to Evaluate Tripartite
  Recommendations in Data Markets",Dominik Kowald|Matthias Traub|Dieter Theiler|Heimo Gursch|Emanuel Lacic|Stefanie Lindstaedt|Roman Kern|Elisabeth Lex,http://arxiv.org/abs/1908.04017v2,http://arxiv.org/pdf/1908.04017v2
1911.03044v2,2020-10-30 17:44:31,"AITom: Open-source AI platform for cryo-electron tomography data
  analysis",Xiangrui Zeng|Min Xu,http://arxiv.org/abs/1911.03044v2,http://arxiv.org/pdf/1911.03044v2
1912.04977v3,2021-03-09 03:03:49,Advances and Open Problems in Federated Learning,Peter Kairouz|H. Brendan McMahan|Brendan Avent|Aurélien Bellet|Mehdi Bennis|Arjun Nitin Bhagoji|Kallista Bonawitz|Zachary Charles|Graham Cormode|Rachel Cummings|Rafael G. L. D'Oliveira|Hubert Eichner|Salim El Rouayheb|David Evans|Josh Gardner|Zachary Garrett|Adrià Gascón|Badih Ghazi|Phillip B. Gibbons|Marco Gruteser|Zaid Harchaoui|Chaoyang He|Lie He|Zhouyuan Huo|Ben Hutchinson|Justin Hsu|Martin Jaggi|Tara Javidi|Gauri Joshi|Mikhail Khodak|Jakub Konečný|Aleksandra Korolova|Farinaz Koushanfar|Sanmi Koyejo|Tancrède Lepoint|Yang Liu|Prateek Mittal|Mehryar Mohri|Richard Nock|Ayfer Özgür|Rasmus Pagh|Mariana Raykova|Hang Qi|Daniel Ramage|Ramesh Raskar|Dawn Song|Weikang Song|Sebastian U. Stich|Ziteng Sun|Ananda Theertha Suresh|Florian Tramèr|Praneeth Vepakomma|Jianyu Wang|Li Xiong|Zheng Xu|Qiang Yang|Felix X. Yu|Han Yu|Sen Zhao,http://arxiv.org/abs/1912.04977v3,http://arxiv.org/pdf/1912.04977v3
1912.11672v1,2019-12-25 14:05:00,"A re-formulization of the transfer matrix method for calculating
  wave-functions in higher dimensional disordered open systems",Liang Chen|Cheng Lv|Xunya Jiang,http://arxiv.org/abs/1912.11672v1,http://arxiv.org/pdf/1912.11672v1
1912.12371v2,2020-01-02 03:01:37,"Open Source Software Sustainability Models: Initial White Paper from the
  Informatics Technology for Cancer Research Sustainability and Industry
  Partnership Work Group",Y. Ye|R. D. Boyce|M. K. Davis|K. Elliston|C. Davatzikos|A. Fedorov|J. C. Fillion-Robin|I. Foster|J. Gilbertson|M. Heiskanen|J. Klemm|A. Lasso|J. V. Miller|M. Morgan|S. Pieper|B. Raumann|B. Sarachan|G. Savova|J. C. Silverstein|D. Taylor|J. Zelnis|G. Q. Zhang|M. J. Becich,http://arxiv.org/abs/1912.12371v2,http://arxiv.org/pdf/1912.12371v2
2001.07935v2,2020-01-27 11:09:34,"CodeReef: an open platform for portable MLOps, reusable automation
  actions and reproducible benchmarking",Grigori Fursin|Herve Guillou|Nicolas Essayan,http://arxiv.org/abs/2001.07935v2,http://arxiv.org/pdf/2001.07935v2
2002.00390v1,2020-02-02 13:35:41,"Avocado: Open-Source Flexible Constrained Interaction Testing for
  Practical Application",Jan Richter|Bestoun S. Ahmed|Miroslav Bures|Cleber R. Rosa Junior,http://arxiv.org/abs/2002.00390v1,http://arxiv.org/pdf/2002.00390v1
2003.07687v1,2020-02-28 07:32:07,"Augmented reality as a tool for open science platform by research
  collaboration in virtual teams",Mariya P. Shyshkina|Maiia V. Marienko,http://arxiv.org/abs/2003.07687v1,http://arxiv.org/pdf/2003.07687v1
2003.05153v2,2020-07-03 15:13:40,"The Open Universe survey of Swift-XRT GRB fields: a complete sample of
  HBL blazars",P. Giommi|Y. L. Chang|S. Turriziani|T. Glauch|C. Leto|F. Verrecchia|P. Padovani|A. V. Penacchioni|F. Arneodo|U. Barres de Almeida|C. H. Brandt|M. Capalbi|O. Civitarese|V. D'Elia|A. Di Giovanni|M. De Angelis|J. Del Rio Vera|S. Di Pippo|R. Middei|M. Perri|A. M. T. Pollock|S. Puccetti|N. Ricard|R. Ruffini|N. Sahakyan,http://arxiv.org/abs/2003.05153v2,http://arxiv.org/pdf/2003.05153v2
2003.10572v1,2020-03-23 22:57:11,"Characterizing the Roles of Contributors in Open-source Scientific
  Software Projects",Reed Milewicz|Gustavo Pinto|Paige Rodeghero,http://arxiv.org/abs/2003.10572v1,http://arxiv.org/pdf/2003.10572v1
2004.06111v3,2020-05-11 13:38:06,Open Data Resources for Fighting COVID-19,Teodoro Alamo|Daniel G. Reina|Martina Mammarella|Alberto Abella,http://arxiv.org/abs/2004.06111v3,http://arxiv.org/pdf/2004.06111v3
2005.12443v1,2020-05-25 23:44:19,"MaintNet: A Collaborative Open-Source Library for Predictive Maintenance
  Language Resources",Farhad Akhbardeh|Travis Desell|Marcos Zampieri,http://arxiv.org/abs/2005.12443v1,http://arxiv.org/pdf/2005.12443v1
2006.02481v3,2020-10-16 09:58:35,"Open data base analysis of scaling and spatio-temporal properties of
  power grid frequencies",Leonardo Rydin Gorjão|Richard Jumar|Heiko Maass|Veit Hagenmeyer|G. Cigdem Yalcin|Johannes Kruse|Marc Timme|Christian Beck|Dirk Witthaut|Benjamin Schäfer,http://arxiv.org/abs/2006.02481v3,http://arxiv.org/pdf/2006.02481v3
2006.02729v5,2020-09-15 14:05:47,Prototyping of Open Source NB-IoT Network,Chieh-Chun Chen|Ray-Guang Cheng|Chung-Yin Ho|Matthieu Kanj|Bruno Mongazon-Cazavet|Navid Nikaein,http://arxiv.org/abs/2006.02729v5,http://arxiv.org/pdf/2006.02729v5
2007.10498v1,2020-07-20 21:50:35,"Collaborative Cloud Computing Framework for Health Data with Open Source
  Technologies",Fatemeh Rouzbeh|Ananth Grama|Paul Griffin|Mohammad Adibuzzaman,http://arxiv.org/abs/2007.10498v1,http://arxiv.org/pdf/2007.10498v1
2007.15684v1,2020-07-30 18:49:23,Muon Colliders: Opening New Horizons for Particle Physics,Kenneth Long|Donatella Lucchesi|Mark Palmer|Nadia Pastrone|Daniel Schulte|Vladimir Shiltsev,http://arxiv.org/abs/2007.15684v1,http://arxiv.org/pdf/2007.15684v1
2008.05015v1,2020-08-11 21:50:47,Open Source Software Development Process: A Systematic Review,Bianca Minetto Napoleão|Fabio Petrillo|Sylvain Hallé,http://arxiv.org/abs/2008.05015v1,http://arxiv.org/pdf/2008.05015v1
2008.11844v1,2020-08-26 22:10:34,"Argo Lite: Open-Source Interactive Graph Exploration and Visualization
  in Browsers",Siwei Li|Zhiyan Zhou|Anish Upadhayay|Omar Shaikh|Scott Freitas|Haekyu Park|Zijie J. Wang|Susanta Routray|Matthew Hull|Duen Horng Chau,http://arxiv.org/abs/2008.11844v1,http://arxiv.org/pdf/2008.11844v1
2009.01734v1,2020-09-03 15:14:44,"Computation Of Microbial Ecosystems in Time and Space (COMETS): An open
  source collaborative platform for modeling ecosystems metabolism",Ilija Dukovski|Djordje Bajić|Jeremy M Chacón|Michael Quintin|Jean CC Vila|Snorre Sulheim|Alan R Pacheco|David B Bernstein|William J Rieh|Kirill S Korolev|Alvaro Sanchez|William R Harcombe|Daniel Segrè,http://arxiv.org/abs/2009.01734v1,http://arxiv.org/pdf/2009.01734v1
2009.09168v1,2020-09-19 05:11:38,"Dynamic Scheduling and Workforce Assignment in Open Source Software
  Development",Hui Xi|Dong Xu|Young-Jun Son,http://arxiv.org/abs/2009.09168v1,http://arxiv.org/pdf/2009.09168v1
2010.08485v1,2020-10-16 16:37:52,A New Open-Access Platform for Measuring and Sharing mTBI Data,August G. Domel|Samuel J. Raymond|Chiara Giordano|Yuzhe Liu|Seyed Abdolmajid Yousefsani|Michael Fanton|Ileana Pirozzi|Ali Kight|Brett Avery|Athanasia Boumis|Tyler Fetters|Simran Jandu|William M Mehring|Sam Monga|Nicole Mouchawar|India Rangel|Eli Rice|Pritha Roy|Sohrab Sami|Heer Singh|Lyndia Wu|Calvin Kuo|Michael Zeineh|Gerald Grant|David B. Camarillo,http://arxiv.org/abs/2010.08485v1,http://arxiv.org/pdf/2010.08485v1
2010.12218v1,2020-10-23 07:56:25,"When the Open Source Community Meets COVID-19: Characterizing COVID-19
  themed GitHub Repositories",Liu Wang|Ruiqing Li|Jiaxin Zhu|Guangdong Bai|Haoyu Wang,http://arxiv.org/abs/2010.12218v1,http://arxiv.org/pdf/2010.12218v1
2011.14995v1,2020-11-30 17:02:38,Adapting LIGO workflows to run in the Open Science Grid,Edgar Fajardo|Frank Wuerthwein|Brian Bockelman|Miron Livny|Greg Thain|James Alexander Clark|Peter Couvares|Josh Willis,http://arxiv.org/abs/2011.14995v1,http://arxiv.org/pdf/2011.14995v1
2012.00515v1,2020-12-01 14:26:40,"Civic Technologies: Research, Practice and Open Challenges",Pablo Aragon|Adriana Alvarado Garcia|Christopher A. Le Dantec|Claudia Flores-Saviaga|Jorge Saldivar,http://arxiv.org/abs/2012.00515v1,http://arxiv.org/pdf/2012.00515v1
2012.04861v2,2021-02-23 03:41:10,"Multi Agent Team Learning in Disaggregated Virtualized Open Radio Access
  Networks (O-RAN)",Pedro Enrique Iturria Rivera|Shahram Mollahasani|Melike Erol-Kantarci,http://arxiv.org/abs/2012.04861v2,http://arxiv.org/pdf/2012.04861v2
2012.07478v1,2020-12-14 12:51:13,"ExoClock Project: An open platform for monitoring the ephemerides of
  Ariel targets with contributions from the public",Anastasia Kokori|Angelos Tsiaras|Billy Edwards|Marco Rocchetto|Giovanna Tinetti|Anaël Wünsche|Nikolaos Paschalis|Vikrant Kumar Agnihotri|Matthieu Bachschmidt|Marc Bretton|Hamish Caines|Mauro Caló|Roland Casali|Martin Crow|Simon Dawes|Marc Deldem|Dimitrios Deligeorgopoulos|Roger Dymock|Phil Evans|Carmelo Falco|Stephane Ferratfiat|Martin Fowler|Stephen Futcher|Pere Guerra|Francois Hurter|Adrian Jones|Wonseok Kang|Taewoo Kim|Richard Lee|Claudio Lopresti|Antonio Marino|Matthias Mallonn|Fabio Mortari|Mario Morvan|Lorenzo V. Mugnai|Alessandro Nastasi|Valère Perroud|Cédric Pereira|Mark Phillips|Pavel Pintr|Manfred Raetz|Francois Regembal|John Savage|Danilo Sedita|Nick Sioulas|Iakovos Strikis|Geoffrey Thurston|Andrea Tomacelli|Alberto Tomatis,http://arxiv.org/abs/2012.07478v1,http://arxiv.org/pdf/2012.07478v1
2012.08174v2,2021-03-29 17:15:00,"Towards open and expandable cognitive AI architectures for large-scale
  multi-agent human-robot collaborative learning",Georgios Th. Papadopoulos|Margherita Antona|Constantine Stephanidis,http://arxiv.org/abs/2012.08174v2,http://arxiv.org/pdf/2012.08174v2
2012.08630v1,2020-12-15 21:39:50,Open Problems in Cooperative AI,Allan Dafoe|Edward Hughes|Yoram Bachrach|Tantum Collins|Kevin R. McKee|Joel Z. Leibo|Kate Larson|Thore Graepel,http://arxiv.org/abs/2012.08630v1,http://arxiv.org/pdf/2012.08630v1
2101.00250v1,2021-01-01 15:11:28,"Interplay between RIS and AI in Wireless Communications: Fundamentals,
  Architectures, Applications, and Open Research Problems",Jinghe Wang|Wankai Tang|Yu Han|Shi Jin|Xiao Li|Chao-Kai Wen|Qiang Cheng|Tie Jun Cui,http://arxiv.org/abs/2101.00250v1,http://arxiv.org/pdf/2101.00250v1
2101.06751v2,2021-01-22 15:38:23,The KM3NeT Open Science System,Jutta Schnabel|Tamas Gal|Zineb Aly,http://arxiv.org/abs/2101.06751v2,http://arxiv.org/pdf/2101.06751v2
2101.10124v1,2021-01-21 09:15:01,An open-source tool to assess the carbon footprint of research,Jérôme Mariette|Odile Blanchard|Olivier Berné|Tamara Ben Ari,http://arxiv.org/abs/2101.10124v1,http://arxiv.org/pdf/2101.10124v1
2102.07548v1,2021-02-15 13:34:38,Player-Centered AI for Automatic Game Personalization: Open Problems,Jichen Zhu|Santiago Ontañón,http://arxiv.org/abs/2102.07548v1,http://arxiv.org/pdf/2102.07548v1
2103.09687v1,2021-02-28 13:37:59,Moroccan Dialect -Darija- Open Dataset,Aissam Outchakoucht|Hamza Es-Samaali,http://arxiv.org/abs/2103.09687v1,http://arxiv.org/pdf/2103.09687v1
2103.00917v2,2021-03-11 22:30:50,"An open-source framework for ExpFinder integrating $N$-gram Vector Space
  Model and $μ$CO-HITS",Hung Du|Yong-Bin Kang,http://arxiv.org/abs/2103.00917v2,http://arxiv.org/pdf/2103.00917v2
2103.12505v1,2021-03-17 16:02:28,"Towards an Open Global Air Quality Monitoring Platform to Assess
  Children's Exposure to Air Pollutants in the Light of COVID-19 Lockdowns",Christina Last|Prithviraj Pramanik|Nikita Saini|Akash Smaran Majety|Do-Hyung Kim|Manuel García-Herranz|Subhabrata Majumdar,http://arxiv.org/abs/2103.12505v1,http://arxiv.org/pdf/2103.12505v1
2103.12168v1,2021-03-22 20:34:04,Building the Collaboration Graph of Open-Source Software Ecosystem,Elena Lyulina|Mahmoud Jahanshahi,http://arxiv.org/abs/2103.12168v1,http://arxiv.org/pdf/2103.12168v1
2104.04146v3,2021-07-16 17:08:03,"An Open-source Model for Simulation and Corrective Measure Assessment of
  the 2021 Texas Power Outage",Dongqi Wu|Xiangtian Zheng|Yixing Xu|Daniel Olsen|Bainan Xia|Chanan Singh|Le Xie,http://arxiv.org/abs/2104.04146v3,http://arxiv.org/pdf/2104.04146v3
2104.03648v1,2021-04-08 10:11:06,"Do Communities in Developer Interaction Networks align with Subsystem
  Developer Teams? An Empirical Study of Open Source Systems",Usman Ashraf|Christoph Mayr-Dorn|Atif Mashkoor|Alexander Egyed|Sebastiano Panichella,http://arxiv.org/abs/2104.03648v1,http://arxiv.org/pdf/2104.03648v1
2105.08846v1,2021-05-18 22:10:43,"Gym-ANM: Open-source software to leverage reinforcement learning for
  power system management in research and education",Robin Henry|Damien Ernst,http://arxiv.org/abs/2105.08846v1,http://arxiv.org/pdf/2105.08846v1
2106.06004v1,2021-06-10 18:49:29,CodemixedNLP: An Extensible and Open NLP Toolkit for Code-Mixing,Sai Muralidhar Jayanthi|Kavya Nerella|Khyathi Raghavi Chandu|Alan W Black,http://arxiv.org/abs/2106.06004v1,http://arxiv.org/pdf/2106.06004v1
2106.10207v2,2021-11-08 17:53:34,Distributed Deep Learning in Open Collaborations,Michael Diskin|Alexey Bukhtiyarov|Max Ryabinin|Lucile Saulnier|Quentin Lhoest|Anton Sinitsin|Dmitry Popov|Dmitry Pyrkin|Maxim Kashirin|Alexander Borzunov|Albert Villanova del Moral|Denis Mazur|Ilia Kobelev|Yacine Jernite|Thomas Wolf|Gennady Pekhimenko,http://arxiv.org/abs/2106.10207v2,http://arxiv.org/pdf/2106.10207v2
2106.15852v1,2021-06-30 07:17:10,Harnessing the Benefits of Open Electronics in Science,Michael Oellermann|Jolle W. Jolles|Diego Ortiz|Rui Seabra|Tobias Wenzel|Hannah Wilson|Richelle Tanner,http://arxiv.org/abs/2106.15852v1,http://arxiv.org/pdf/2106.15852v1
2107.06260v3,2021-08-12 20:21:51,"OpenCDA:An Open Cooperative Driving Automation Framework Integrated with
  Co-Simulation",Runsheng Xu|Yi Guo|Xu Han|Xin Xia|Hao Xiang|Jiaqi Ma,http://arxiv.org/abs/2107.06260v3,http://arxiv.org/pdf/2107.06260v3
2107.10256v1,2021-07-21 08:45:13,"Clinica: an open source software platform for reproducible clinical
  neuroscience studies",Alexandre Routier|Ninon Burgos|Mauricio Díaz|Michael Bacci|Simona Bottani|Omar El-Rifai|Sabrina Fontanella|Pietro Gori|Jérémy Guillon|Alexis Guyot|Ravi Hassanaly|Thomas Jacquemont|Pascal Lu|Arnaud Marcoux|Tristan Moreau|Jorge Samper-González|Marc Teichmann|Elina Thibeau--Sutre|Ghislain Vaillant|Junhao Wen|Adam Wild|Marie-Odile Habert|Stanley Durrleman|Olivier Colliot,http://arxiv.org/abs/2107.10256v1,http://arxiv.org/pdf/2107.10256v1
2107.12808v2,2021-07-31 16:55:19,Open-Ended Learning Leads to Generally Capable Agents, Open Ended Learning Team|Adam Stooke|Anuj Mahajan|Catarina Barros|Charlie Deck|Jakob Bauer|Jakub Sygnowski|Maja Trebacz|Max Jaderberg|Michael Mathieu|Nat McAleese|Nathalie Bradley-Schmieg|Nathaniel Wong|Nicolas Porcel|Roberta Raileanu|Steph Hughes-Fitt|Valentin Dalibard|Wojciech Marian Czarnecki,http://arxiv.org/abs/2107.12808v2,http://arxiv.org/pdf/2107.12808v2
2107.14330v2,2021-08-10 08:40:04,"Developing Open Source Educational Resources for Machine Learning and
  Data Science",Ludwig Bothmann|Sven Strickroth|Giuseppe Casalicchio|David Rügamer|Marius Lindauer|Fabian Scheipl|Bernd Bischl,http://arxiv.org/abs/2107.14330v2,http://arxiv.org/pdf/2107.14330v2
2108.07883v2,2021-12-03 00:58:37,CUORE Opens the Door to Tonne-scale Cryogenics Experiments, CUORE Collaboration|D. Q. Adams|C. Alduino|F. Alessandria|K. Alfonso|E. Andreotti|F. T. Avignone III|O. Azzolini|M. Balata|I. Bandac|T. I. Banks|G. Bari|M. Barucci|J. W. Beeman|F. Bellini|G. Benato|M. Beretta|A. Bersani|D. Biare|M. Biassoni|F. Bragazzi|A. Branca|C. Brofferio|A. Bryant|A. Buccheri|C. Bucci|C. Bulfon|A. Camacho|J. Camilleri|A. Caminata|A. Campani|L. Canonica|X. G. Cao|S. Capelli|M. Capodiferro|L. Cappelli|L. Cardani|M. Cariello|P. Carniti|M. Carrettoni|N. Casali|L. Cassina|E. Celi|R. Cereseto|G. Ceruti|A. Chiarini|D. Chiesa|N. Chott|M. Clemenza|D. Conventi|S. Copello|C. Cosmelli|O. Cremonesi|C. Crescentini|R. J. Creswick|J. S. Cushman|A. D'Addabbo|D. D'Aguanno|I. Dafinei|V. Datskov|C. J. Davis|F. Del Corso|S. Dell'Oro|M. M. Deninno|S. Di Domizio|V. Dompè|M. L. Di Vacri|L. Di Paolo|A. Drobizhev|L. Ejzak|R. Faccini|D. Q. Fang|G. Fantini|M. Faverzani|E. Ferri|F. Ferroni|E. Fiorini|M. A. Franceschi|S. J. Freedman|S. H. Fu|B. K. Fujikawa|R. Gaigher|S. Ghislandi|A. Giachero|L. Gironi|A. Giuliani|L. Gladstone|J. Goett|P. Gorla|C. Gotti|C. Guandalini|M. Guerzoni|M. Guetti|T. D. Gutierrez|E. E. Haller|K. Han|E. V. Hansen|K. M. Heeger|R. Hennings-Yeomans|K. P. Hickerson|R. G. Huang|H. Z. Huang|M. Iannone|L. Ioannucci|J. Johnston|R. Kadel|G. Keppel|L. Kogler|Yu. G. Kolomensky|A. Leder|C. Ligi|K. E. Lim|R. Liu|L. Ma|Y. G. Ma|C. Maiano|M. Maino|L. Marini|M. Martinez|C. Martinez Amaya|R. H. Maruyama|D. Mayer|R. Mazza|Y. Mei|N. Moggi|S. Morganti|P. J. Mosteiro|S. S. Nagorny|T. Napolitano|M. Nastasi|J. Nikkel|S. Nisi|C. Nones|E. B. Norman|V. Novati|A. Nucciotti|I. Nutini|T. O'Donnell|M. Olcese|E. Olivieri|F. Orio|D. Orlandi|J. L. Ouellet|S. Pagan|C. E. Pagliarone|L. Pagnanini|M. Pallavicini|V. Palmieri|L. Pattavina|M. Pavan|M. Pedretti|R. Pedrotta|A. Pelosi|M. Perego|G. Pessina|V. Pettinacci|G. Piperno|C. Pira|S. Pirro|S. Pozzi|E. Previtali|A. Puiu|S. Quitadamo|F. Reindl|F. Rimondi|L. Risegari|C. Rosenfeld|C. Rossi|C. Rusconi|M. Sakai|E. Sala|C. Salvioni|S. Sangiorgio|D. Santone|D. Schaeffer|B. Schmidt|J. Schmidt|N. D. Scielzo|V. Sharma|V. Singh|M. Sisti|A. R. Smith|D. Speller|F. Stivanello|P. T. Surukuchi|L. Taffarello|L. Tatananni|M. Tenconi|F. Terranova|M. Tessaro|C. Tomei|G. Ventura|K. J. Vetter|M. Vignati|S. L. Wagaarachchi|J. Wallig|B. S. Wang|H. W. Wang|B. Welliver|J. Wilson|K. Wilson|L. A. Winslow|T. Wise|L. Zanotti|C. Zarra|G. Q. Zhang|B. X. Zhu|S. Zimmermann|S. Zucchelli,http://arxiv.org/abs/2108.07883v2,http://arxiv.org/pdf/2108.07883v2
2108.10761v1,2021-08-24 14:08:55,"Federated Learning for Privacy-Preserving Open Innovation Future on
  Digital Health",Guodong Long|Tao Shen|Yue Tan|Leah Gerrard|Allison Clarke|Jing Jiang,http://arxiv.org/abs/2108.10761v1,http://arxiv.org/pdf/2108.10761v1
2109.01378v1,2021-09-03 08:46:22,"Open Data Ecosystems -- an empirical investigation into an emerging
  industry collaboration concept",Per Runeson|Thomas Olsson|Johan Linåker,http://arxiv.org/abs/2109.01378v1,http://arxiv.org/pdf/2109.01378v1
2109.07644v5,2022-06-20 07:27:01,"OPV2V: An Open Benchmark Dataset and Fusion Pipeline for Perception with
  Vehicle-to-Vehicle Communication",Runsheng Xu|Hao Xiang|Xin Xia|Xu Han|Jinlong Li|Jiaqi Ma,http://arxiv.org/abs/2109.07644v5,http://arxiv.org/pdf/2109.07644v5
2110.00888v2,2022-04-13 17:51:51,Promoting Open Science Through Research Data Management,John A. Borghi|Ana E. Van Gulick,http://arxiv.org/abs/2110.00888v2,http://arxiv.org/pdf/2110.00888v2
2110.10780v3,2022-03-21 19:54:10,"An Open Natural Language Processing Development Framework for EHR-based
  Clinical Research: A case demonstration using the National COVID Cohort
  Collaborative (N3C)",Sijia Liu|Andrew Wen|Liwei Wang|Huan He|Sunyang Fu|Robert Miller|Andrew Williams|Daniel Harris|Ramakanth Kavuluru|Mei Liu|Noor Abu-el-rub|Dalton Schutte|Rui Zhang|Masoud Rouhizadeh|John D. Osborne|Yongqun He|Umit Topaloglu|Stephanie S Hong|Joel H Saltz|Thomas Schaffter|Emily Pfaff|Christopher G. Chute|Tim Duong|Melissa A. Haendel|Rafael Fuentes|Peter Szolovits|Hua Xu|Hongfang Liu|National COVID Cohort Collaborative|Natural Language Processing| Subgroup|National COVID Cohort Collaborative,http://arxiv.org/abs/2110.10780v3,http://arxiv.org/pdf/2110.10780v3
2111.06364v1,2021-11-11 18:23:39,"Open Data Fabric: A Decentralized Data Exchange and Transformation
  Protocol With Complete Reproducibility and Provenance",Sergii Mikhtoniuk|Ozge Nilay Yalcin,http://arxiv.org/abs/2111.06364v1,http://arxiv.org/pdf/2111.06364v1
2201.11208v1,2022-01-26 22:17:35,"OpenEMS: an open-source Package for Two-Stage Stochastic and Robust
  Optimization for Ambulance Location and Routing with Applications to
  Austin-Travis County EMS Data",Joshua Ong|David Kulpanowski|Yangxinyu Xie|Evdokia Nikolova|Ngoc Mai Tran,http://arxiv.org/abs/2201.11208v1,http://arxiv.org/pdf/2201.11208v1
2201.12379v1,2022-01-28 19:18:16,"Adiabatic Control of Decoherence-Free-Subspaces in an Open Collective
  System",Jarrod T. Reilly|Simon B. Jäger|John Cooper|Murray J. Holland,http://arxiv.org/abs/2201.12379v1,http://arxiv.org/pdf/2201.12379v1
2201.13406v1,2022-01-31 18:11:25,"A Computational Framework for Atrioventricular Valve Modeling using
  Open-Source Software",Wensi Wu|Stephen Ching|Steve A. Maas|Andras Lasso|Patricia Sabin|Jeffrey A. Weiss|Matthew A. Jolley,http://arxiv.org/abs/2201.13406v1,http://arxiv.org/pdf/2201.13406v1
2202.00979v1,2022-02-02 11:51:14,A Versatile Dataset of Agile Open Source Software Projects,Vali Tawosi|Afnan Al-Subaihin|Rebecca Moussa|Federica Sarro,http://arxiv.org/abs/2202.00979v1,http://arxiv.org/pdf/2202.00979v1
2202.03617v1,2022-02-08 03:17:14,"The role of Blockchain in DDoS attacks mitigation: techniques, open
  challenges and future directions",Rajasekhar Chaganti|Bharat Bhushan|Vinayakumar Ravi,http://arxiv.org/abs/2202.03617v1,http://arxiv.org/pdf/2202.03617v1
2203.16428v1,2022-03-06 16:46:58,Vulnerability Detection in Open Source Software: An Introduction,Stuart Millar,http://arxiv.org/abs/2203.16428v1,http://arxiv.org/pdf/2203.16428v1
2203.05195v1,2022-03-10 07:12:20,A Review of Open Source Software Tools for Time Series Analysis,Yunus Parvej Faniband|Iskandar Ishak|Sadiq M. Sait,http://arxiv.org/abs/2203.05195v1,http://arxiv.org/pdf/2203.05195v1
2203.07083v1,2022-03-10 13:44:50,Open-source Tools for Training Resources -- OTTR,Candace Savonen|Carrie Wright|Ava M. Hoffman|John Muschelli|Katherine Cox|Frederick J. Tan|Jeffrey T. Leek,http://arxiv.org/abs/2203.07083v1,http://arxiv.org/pdf/2203.07083v1
2203.10871v1,2022-03-21 10:47:31,"Follow the Leader: Technical and Inspirational Leadership in Open Source
  Software",Jerome Hergueux|Samuel Kessler,http://arxiv.org/abs/2203.10871v1,http://arxiv.org/pdf/2203.10871v1
2203.12019v1,2022-03-22 20:01:39,"OSSCAR, an open platform for collaborative development of computational
  tools for education in science",Dou Du|Taylor J. Baird|Sara Bonella|Giovanni Pizzi,http://arxiv.org/abs/2203.12019v1,http://arxiv.org/pdf/2203.12019v1
2203.14733v2,2022-10-04 08:11:03,"Open-VICO: An Open-Source Gazebo Toolkit for Vision-based Skeleton
  Tracking in Human-Robot Collaboration",Luca Fortini|Mattia Leonori|Juan M. Gandarias|Elena De Momi|Arash Ajoudani,http://arxiv.org/abs/2203.14733v2,http://arxiv.org/pdf/2203.14733v2
2204.01216v1,2022-04-04 02:56:12,"MLPro: A System for Hosting Crowdsourced Machine Learning Challenges for
  Open-Ended Research Problems",Peter Washington|Aayush Nandkeolyar|Sam Yang,http://arxiv.org/abs/2204.01216v1,http://arxiv.org/pdf/2204.01216v1
2204.12564v2,2022-05-18 00:50:10,Defining the role of open source software in research reproducibility,Lorena A. Barba,http://arxiv.org/abs/2204.12564v2,http://arxiv.org/pdf/2204.12564v2
2205.00005v2,2023-01-05 20:53:13,Optically detected magnetic resonance with an open source platform,Hossein Babashah|Hoda Shirzad|Elena Losero|Valentin Goblot|Christophe Galland|Mayeul Chipaux,http://arxiv.org/abs/2205.00005v2,http://arxiv.org/pdf/2205.00005v2
2206.08259v1,2022-06-01 11:48:01,CLEF. A Linked Open Data native system for Crowdsourcing,Marilena Daquino|Mari Wigham|Enrico Daga|Lucia Giagnolini|Francesca Tomasi,http://arxiv.org/abs/2206.08259v1,http://arxiv.org/pdf/2206.08259v1
2206.04460v3,2022-07-13 07:51:02,Open ERP System Data For Occupational Fraud Detection,Julian Tritscher|Fabian Gwinner|Daniel Schlör|Anna Krause|Andreas Hotho,http://arxiv.org/abs/2206.04460v3,http://arxiv.org/pdf/2206.04460v3
2206.07476v1,2022-06-15 12:26:12,"OpenCitations, an open e-infrastructure to foster maximum reuse of
  citation data",Chiara Di Giambattista|Ivan Heibi|Silvio Peroni|David Shotton,http://arxiv.org/abs/2206.07476v1,http://arxiv.org/pdf/2206.07476v1
2206.12338v2,2022-12-29 16:23:29,Diegetic Representation Of Feedback In Open Games,Matteo Capucci,http://arxiv.org/abs/2206.12338v2,http://arxiv.org/pdf/2206.12338v2
2207.01512v1,2022-06-27 11:03:56,"Advancing Education Through Extended Reality and Internet of Everything
  Enabled Metaverses: Applications, Challenges, and Open Issues",Senthil Kumar Jagatheesaperumal|Kashif Ahmad|Ala Al-Fuqaha|Junaid Qadir,http://arxiv.org/abs/2207.01512v1,http://arxiv.org/pdf/2207.01512v1
2207.02775v2,2022-07-07 06:16:59,"Open Science and Authorship of Supplementary Material. Evidence from a
  Research Community",Andrea Mannocci|Ornella Irrera|Paolo Manghi,http://arxiv.org/abs/2207.02775v2,http://arxiv.org/pdf/2207.02775v2
2207.03121v1,2022-07-07 07:04:12,"Will open science change authorship for good? Towards a quantitative
  analysis",Andrea Mannocci|Ornella Irrera|Paolo Manghi,http://arxiv.org/abs/2207.03121v1,http://arxiv.org/pdf/2207.03121v1
2207.10524v2,2022-08-01 16:55:04,"NusaCrowd: A Call for Open and Reproducible NLP Research in Indonesian
  Languages",Samuel Cahyawijaya|Alham Fikri Aji|Holy Lovenia|Genta Indra Winata|Bryan Wilie|Rahmad Mahendra|Fajri Koto|David Moeljadi|Karissa Vincentio|Ade Romadhony|Ayu Purwarianti,http://arxiv.org/abs/2207.10524v2,http://arxiv.org/pdf/2207.10524v2
2208.00062v1,2022-07-29 20:32:38,"A method for analyzing stakeholders' influence on an open source
  software ecosystem's requirements engineering process",Johan Linåker|Björn Regnell|Daniela Damian,http://arxiv.org/abs/2208.00062v1,http://arxiv.org/pdf/2208.00062v1
2208.00332v1,2022-07-31 01:48:19,"GitHub Marketplace for Practitioners and Researchers to Date: A
  Systematic Analysis of the Knowledge Mobilization Gap in Open Source Software
  Automation",Sk Golam Saroar|Waseefa Ahmed|Maleknaz Nayebi,http://arxiv.org/abs/2208.00332v1,http://arxiv.org/pdf/2208.00332v1
2209.13669v1,2022-08-06 13:26:08,"Improving Aircraft Localization: Experiences and Lessons Learned from an
  Open Competition",Martin Strohmeier|Mauro Leonardi|Sergei Markochev|Fabio Ricciato|Matthias Schäfer|Vincent Lenders,http://arxiv.org/abs/2209.13669v1,http://arxiv.org/pdf/2209.13669v1
2208.07006v1,2022-08-15 04:56:06,"Cooperative and uncooperative institution designs: Surprises and
  problems in open-source game theory",Andrew Critch|Michael Dennis|Stuart Russell,http://arxiv.org/abs/2208.07006v1,http://arxiv.org/pdf/2208.07006v1
2208.07910v1,2022-08-16 18:53:29,"When, Where, and How to Open Data: A Personal Perspective",Benjamin Nachman,http://arxiv.org/abs/2208.07910v1,http://arxiv.org/pdf/2208.07910v1
2209.04663v1,2022-09-10 13:14:20,"PyPSA-Earth. A New Global Open Energy System Optimization Model
  Demonstrated in Africa",Maximilian Parzen|Hazem Abdel-Khalek|Ekaterina Fedorova|Matin Mahmood|Martha Maria Frysztacki|Johannes Hampp|Lukas Franken|Leon Schumm|Fabian Neumann|Davide Poli|Aristides Kiprakis|Davide Fioriti,http://arxiv.org/abs/2209.04663v1,http://arxiv.org/pdf/2209.04663v1
2209.11050v1,2022-09-22 14:45:42,"A catalog of new Blazar candidates with Open Universe by High School
  students",L. Fronte|B. Mazzon|F. Metruccio|N. Munaretto|M. Doro|P. Giommi|I. Viale|U. Barres de Almeida| .|Liceo Scientifico Statale U. Morin|via Asseggiano 39| I-30174| Venezia| Italy|University of Padova|Dep. of Physics| Astronomy|via Marzolo 8| I-35131| Padova| Italy|INFN sez. Padova|via Marzolo 8| I-35131| Padova| Italy|Center for Astro| Particle|Planetary Physics|New York University Abu Dhabi|PO Box 129188 Abu Dhabi|United Arab Emirates|Institute for Advanced Study|Technische Universitat Muenchen|Lichtenbergstrasse 2a|D-85748 Garching bei Muenchen| Germany|Centro Brasileiro de Pesquisas Fisicas|Rio de Janeiro| Brasil,http://arxiv.org/abs/2209.11050v1,http://arxiv.org/pdf/2209.11050v1
2211.02701v1,2022-11-04 18:35:00,MONAI: An open-source framework for deep learning in healthcare,M. Jorge Cardoso|Wenqi Li|Richard Brown|Nic Ma|Eric Kerfoot|Yiheng Wang|Benjamin Murrey|Andriy Myronenko|Can Zhao|Dong Yang|Vishwesh Nath|Yufan He|Ziyue Xu|Ali Hatamizadeh|Andriy Myronenko|Wentao Zhu|Yun Liu|Mingxin Zheng|Yucheng Tang|Isaac Yang|Michael Zephyr|Behrooz Hashemian|Sachidanand Alle|Mohammad Zalbagi Darestani|Charlie Budd|Marc Modat|Tom Vercauteren|Guotai Wang|Yiwen Li|Yipeng Hu|Yunguan Fu|Benjamin Gorman|Hans Johnson|Brad Genereaux|Barbaros S. Erdal|Vikash Gupta|Andres Diaz-Pinto|Andre Dourson|Lena Maier-Hein|Paul F. Jaeger|Michael Baumgartner|Jayashree Kalpathy-Cramer|Mona Flores|Justin Kirby|Lee A. D. Cooper|Holger R. Roth|Daguang Xu|David Bericat|Ralf Floca|S. Kevin Zhou|Haris Shuaib|Keyvan Farahani|Klaus H. Maier-Hein|Stephen Aylward|Prerna Dogra|Sebastien Ourselin|Andrew Feng,http://arxiv.org/abs/2211.02701v1,http://arxiv.org/pdf/2211.02701v1
2211.05100v2,2022-12-11 01:09:36,BLOOM: A 176B-Parameter Open-Access Multilingual Language Model,BigScience Workshop| :|Teven Le Scao|Angela Fan|Christopher Akiki|Ellie Pavlick|Suzana Ilić|Daniel Hesslow|Roman Castagné|Alexandra Sasha Luccioni|François Yvon|Matthias Gallé|Jonathan Tow|Alexander M. Rush|Stella Biderman|Albert Webson|Pawan Sasanka Ammanamanchi|Thomas Wang|Benoît Sagot|Niklas Muennighoff|Albert Villanova del Moral|Olatunji Ruwase|Rachel Bawden|Stas Bekman|Angelina McMillan-Major|Iz Beltagy|Huu Nguyen|Lucile Saulnier|Samson Tan|Pedro Ortiz Suarez|Victor Sanh|Hugo Laurençon|Yacine Jernite|Julien Launay|Margaret Mitchell|Colin Raffel|Aaron Gokaslan|Adi Simhi|Aitor Soroa|Alham Fikri Aji|Amit Alfassy|Anna Rogers|Ariel Kreisberg Nitzav|Canwen Xu|Chenghao Mou|Chris Emezue|Christopher Klamm|Colin Leong|Daniel van Strien|David Ifeoluwa Adelani|Dragomir Radev|Eduardo González Ponferrada|Efrat Levkovizh|Ethan Kim|Eyal Bar Natan|Francesco De Toni|Gérard Dupont|Germán Kruszewski|Giada Pistilli|Hady Elsahar|Hamza Benyamina|Hieu Tran|Ian Yu|Idris Abdulmumin|Isaac Johnson|Itziar Gonzalez-Dios|Javier de la Rosa|Jenny Chim|Jesse Dodge|Jian Zhu|Jonathan Chang|Jörg Frohberg|Joseph Tobing|Joydeep Bhattacharjee|Khalid Almubarak|Kimbo Chen|Kyle Lo|Leandro Von Werra|Leon Weber|Long Phan|Loubna Ben allal|Ludovic Tanguy|Manan Dey|Manuel Romero Muñoz|Maraim Masoud|María Grandury|Mario Šaško|Max Huang|Maximin Coavoux|Mayank Singh|Mike Tian-Jian Jiang|Minh Chien Vu|Mohammad A. Jauhar|Mustafa Ghaleb|Nishant Subramani|Nora Kassner|Nurulaqilla Khamis|Olivier Nguyen|Omar Espejel|Ona de Gibert|Paulo Villegas|Peter Henderson|Pierre Colombo|Priscilla Amuok|Quentin Lhoest|Rheza Harliman|Rishi Bommasani|Roberto Luis López|Rui Ribeiro|Salomey Osei|Sampo Pyysalo|Sebastian Nagel|Shamik Bose|Shamsuddeen Hassan Muhammad|Shanya Sharma|Shayne Longpre|Somaieh Nikpoor|Stanislav Silberberg|Suhas Pai|Sydney Zink|Tiago Timponi Torrent|Timo Schick|Tristan Thrush|Valentin Danchev|Vassilina Nikoulina|Veronika Laippala|Violette Lepercq|Vrinda Prabhu|Zaid Alyafeai|Zeerak Talat|Arun Raja|Benjamin Heinzerling|Chenglei Si|Davut Emre Taşar|Elizabeth Salesky|Sabrina J. Mielke|Wilson Y. Lee|Abheesht Sharma|Andrea Santilli|Antoine Chaffin|Arnaud Stiegler|Debajyoti Datta|Eliza Szczechla|Gunjan Chhablani|Han Wang|Harshit Pandey|Hendrik Strobelt|Jason Alan Fries|Jos Rozen|Leo Gao|Lintang Sutawika|M Saiful Bari|Maged S. Al-shaibani|Matteo Manica|Nihal Nayak|Ryan Teehan|Samuel Albanie|Sheng Shen|Srulik Ben-David|Stephen H. Bach|Taewoon Kim|Tali Bers|Thibault Fevry|Trishala Neeraj|Urmish Thakker|Vikas Raunak|Xiangru Tang|Zheng-Xin Yong|Zhiqing Sun|Shaked Brody|Yallow Uri|Hadar Tojarieh|Adam Roberts|Hyung Won Chung|Jaesung Tae|Jason Phang|Ofir Press|Conglong Li|Deepak Narayanan|Hatim Bourfoune|Jared Casper|Jeff Rasley|Max Ryabinin|Mayank Mishra|Minjia Zhang|Mohammad Shoeybi|Myriam Peyrounette|Nicolas Patry|Nouamane Tazi|Omar Sanseviero|Patrick von Platen|Pierre Cornette|Pierre François Lavallée|Rémi Lacroix|Samyam Rajbhandari|Sanchit Gandhi|Shaden Smith|Stéphane Requena|Suraj Patil|Tim Dettmers|Ahmed Baruwa|Amanpreet Singh|Anastasia Cheveleva|Anne-Laure Ligozat|Arjun Subramonian|Aurélie Névéol|Charles Lovering|Dan Garrette|Deepak Tunuguntla|Ehud Reiter|Ekaterina Taktasheva|Ekaterina Voloshina|Eli Bogdanov|Genta Indra Winata|Hailey Schoelkopf|Jan-Christoph Kalo|Jekaterina Novikova|Jessica Zosa Forde|Jordan Clive|Jungo Kasai|Ken Kawamura|Liam Hazan|Marine Carpuat|Miruna Clinciu|Najoung Kim|Newton Cheng|Oleg Serikov|Omer Antverg|Oskar van der Wal|Rui Zhang|Ruochen Zhang|Sebastian Gehrmann|Shachar Mirkin|Shani Pais|Tatiana Shavrina|Thomas Scialom|Tian Yun|Tomasz Limisiewicz|Verena Rieser|Vitaly Protasov|Vladislav Mikhailov|Yada Pruksachatkun|Yonatan Belinkov|Zachary Bamberger|Zdeněk Kasner|Alice Rueda|Amanda Pestana|Amir Feizpour|Ammar Khan|Amy Faranak|Ana Santos|Anthony Hevia|Antigona Unldreaj|Arash Aghagol|Arezoo Abdollahi|Aycha Tammour|Azadeh HajiHosseini|Bahareh Behroozi|Benjamin Ajibade|Bharat Saxena|Carlos Muñoz Ferrandis|Danish Contractor|David Lansky|Davis David|Douwe Kiela|Duong A. Nguyen|Edward Tan|Emi Baylor|Ezinwanne Ozoani|Fatima Mirza|Frankline Ononiwu|Habib Rezanejad|Hessie Jones|Indrani Bhattacharya|Irene Solaiman|Irina Sedenko|Isar Nejadgholi|Jesse Passmore|Josh Seltzer|Julio Bonis Sanz|Livia Dutra|Mairon Samagaio|Maraim Elbadri|Margot Mieskes|Marissa Gerchick|Martha Akinlolu|Michael McKenna|Mike Qiu|Muhammed Ghauri|Mykola Burynok|Nafis Abrar|Nazneen Rajani|Nour Elkott|Nour Fahmy|Olanrewaju Samuel|Ran An|Rasmus Kromann|Ryan Hao|Samira Alizadeh|Sarmad Shubber|Silas Wang|Sourav Roy|Sylvain Viguier|Thanh Le|Tobi Oyebade|Trieu Le|Yoyo Yang|Zach Nguyen|Abhinav Ramesh Kashyap|Alfredo Palasciano|Alison Callahan|Anima Shukla|Antonio Miranda-Escalada|Ayush Singh|Benjamin Beilharz|Bo Wang|Caio Brito|Chenxi Zhou|Chirag Jain|Chuxin Xu|Clémentine Fourrier|Daniel León Periñán|Daniel Molano|Dian Yu|Enrique Manjavacas|Fabio Barth|Florian Fuhrimann|Gabriel Altay|Giyaseddin Bayrak|Gully Burns|Helena U. Vrabec|Imane Bello|Ishani Dash|Jihyun Kang|John Giorgi|Jonas Golde|Jose David Posada|Karthik Rangasai Sivaraman|Lokesh Bulchandani|Lu Liu|Luisa Shinzato|Madeleine Hahn de Bykhovetz|Maiko Takeuchi|Marc Pàmies|Maria A Castillo|Marianna Nezhurina|Mario Sänger|Matthias Samwald|Michael Cullan|Michael Weinberg|Michiel De Wolf|Mina Mihaljcic|Minna Liu|Moritz Freidank|Myungsun Kang|Natasha Seelam|Nathan Dahlberg|Nicholas Michio Broad|Nikolaus Muellner|Pascale Fung|Patrick Haller|Ramya Chandrasekhar|Renata Eisenberg|Robert Martin|Rodrigo Canalli|Rosaline Su|Ruisi Su|Samuel Cahyawijaya|Samuele Garda|Shlok S Deshmukh|Shubhanshu Mishra|Sid Kiblawi|Simon Ott|Sinee Sang-aroonsiri|Srishti Kumar|Stefan Schweter|Sushil Bharati|Tanmay Laud|Théo Gigant|Tomoya Kainuma|Wojciech Kusa|Yanis Labrak|Yash Shailesh Bajaj|Yash Venkatraman|Yifan Xu|Yingxin Xu|Yu Xu|Zhe Tan|Zhongli Xie|Zifan Ye|Mathilde Bras|Younes Belkada|Thomas Wolf,http://arxiv.org/abs/2211.05100v2,http://arxiv.org/pdf/2211.05100v2
2211.07738v1,2022-11-14 20:33:27,"A survey of the European Open Science Cloud services for expanding the
  capacity and capabilities of multidisciplinary scientific applications",Amanda Calatrava|Hernán Asorey|Jan Astalos|Alberto Azevedo|Francesco Benincasa|Ignacio Blanquer|Martin Bobak|Francisco Brasileiro|Laia Codó|Laura del Cano|Borja Esteban|Meritxell Ferret|Josef Handl|Tobias Kerzenmacher|Valentin Kozlov|Aleš Křenek|Ricardo Martins|Manuel Pavesio|Antonio Juan Rubio-Montero|Juan Sánchez-Ferrero,http://arxiv.org/abs/2211.07738v1,http://arxiv.org/pdf/2211.07738v1
2212.04853v1,2022-12-09 13:46:20,Open Science in Lattice Gauge Theory community,Andreas Athenodorou|Ed Bennett|Julian Lenz|Elli Papadopoullou,http://arxiv.org/abs/2212.04853v1,http://arxiv.org/pdf/2212.04853v1
2212.09648v2,2022-12-20 02:04:13,NusaCrowd: Open Source Initiative for Indonesian NLP Resources,Samuel Cahyawijaya|Holy Lovenia|Alham Fikri Aji|Genta Indra Winata|Bryan Wilie|Rahmad Mahendra|Christian Wibisono|Ade Romadhony|Karissa Vincentio|Fajri Koto|Jennifer Santoso|David Moeljadi|Cahya Wirawan|Frederikus Hudi|Ivan Halim Parmonangan|Ika Alfina|Muhammad Satrio Wicaksono|Ilham Firdausi Putra|Samsul Rahmadani|Yulianti Oenang|Ali Akbar Septiandri|James Jaya|Kaustubh D. Dhole|Arie Ardiyanti Suryani|Rifki Afina Putri|Dan Su|Keith Stevens|Made Nindyatama Nityasya|Muhammad Farid Adilazuarda|Ryan Ignatius|Ryandito Diandaru|Tiezheng Yu|Vito Ghifari|Wenliang Dai|Yan Xu|Dyah Damapuspita|Cuk Tho|Ichwanul Muslim Karo Karo|Tirana Noor Fatyanosa|Ziwei Ji|Pascale Fung|Graham Neubig|Timothy Baldwin|Sebastian Ruder|Herry Sujaini|Sakriani Sakti|Ayu Purwarianti,http://arxiv.org/abs/2212.09648v2,http://arxiv.org/pdf/2212.09648v2
