doi,date,title,type,keywords
https://doi.org/10.5281/zenodo.4662095,2021-04-04,Collaborating on Open Data Science Projects,lesson,open science; saudi arabia; wids; version control; git; DOI; zenodo; Citable code; Discoverable code; GitHub
https://doi.org/10.5281/zenodo.4017999,2020-09-07,LIBSENSE Statement on Open Science in Africa,other,LIBSENSE; Open Science; Open Access; Policy; Equality; Diversity; Social Justice; Indigenous Knowledge
https://doi.org/10.5281/zenodo.6780177,2022-06-24,DIY Open Science Collaboration. How to make the most of your [sustainability research] dream team,presentation,Transdisciplinary techniques; Open science; Environmental challenges
https://doi.org/10.5281/zenodo.7848675,2023-04-24,Emerging roles of open leadership in research: Insights from The Turing Way,presentation,
https://doi.org/10.1184/R1/9989516.v1,2019-10-16,At the intersection of open science and the transforming research library: Carnegie Mellon University Libraries Open Science Program,poster,Research support; open science; data sharing; research training
https://doi.org/10.5281/zenodo.7050678,2022-09-27,Open Science & Reproducibility:  The Turing Way Workshop,presentation,
https://doi.org/10.5281/zenodo.7428708,2022-11-17,Open Science & Reproducibility: Ethically-led computational research,presentation,
https://doi.org/10.5281/zenodo.4581169,2021-03-04,Scholarly communication: An introduction. From the traditional paradigm to Open Science,lesson,open science
https://doi.org/10.5281/zenodo.3529587,2019-11-05,"Promoting Open Science Through Collaborative Learning. The MOOC ""Science 2.0 and Open Research Methods""",publication,Open Science; MOOC; Higher Education; Open Research
https://doi.org/10.5281/zenodo.7870126,2023-04-26,"Practicing Open Science: Principles, Ecosystems, and Tools",presentation,course; workshop; open science; data; software
https://doi.org/10.5281/zenodo.7879315,2023-04-26,Practicing Open Science for Teams,presentation,data; data management; open science; course; workshop; software
https://doi.org/10.5281/zenodo.3260265,2019-06-28,Open Science and the Data Stewardship Programme at Delft University of Technology,presentation,
https://doi.org/10.5281/zenodo.6199608,2022-02-21,"Engaging, supporting, and awarding researchers: The Approach of Eurac Research to Open Science",presentation,Open Science; institutional policy; research awards
https://doi.org/10.5281/zenodo.5552035,2021-10-06,Challenges of Developing Open Science Communities and Resources in the Middle East,presentation,open science; saudi arabia; middle east; global south; community; saudi arabia; vision 2030; Saudi Arabia's 2030 vision; Open Licenses; Discoverable code; Citable code; Open Data; Rstats
https://doi.org/10.1080/13662716.2020.1792274,2020-08-04,The Open Innovation in Science research field: a collaborative conceptualisation approach,publication,Open Innovation in Science; Openness; Collaboration in science; Open Science; Interdisciplinary research
https://doi.org/10.5281/zenodo.6365997,2022-03-17,French Second National Plan for Open Science: Support and Opportunities for Universities' Open Infrastructures and Practices.,poster,
https://doi.org/10.5281/zenodo.6997522,2022-08-10,Git Good: Using Github for Collaboration in Open Source Communities,presentation,github; turing way; data literacy; workshop
https://doi.org/10.5281/zenodo.7641319,2023-03-27,Faculty of Applied Science and Open Science – A team: Overview 2021-2023,other,Open Science; Open Data; Open Software; Open Publishing; Open Access; Open Science Team
https://doi.org/10.5281/zenodo.7228893,2022-10-27,RAISING THE LEVEL OF AWARENESS AND BUILDING COMPETENCE OF OPEN SCIENCE ON THE BASIS OF THE RESEARCHGATE PLATFORM,poster,
https://doi.org/10.5281/zenodo.4623778,2021-03-17,"The Turing Way: Reproducibility, open science and collaboration in research",lesson,
https://doi.org/10.5281/zenodo.4757290,2021-05-13,Requesting Crowd Expertise: The SSH Open Marketplace and LIBER,poster,
https://doi.org/10.5281/zenodo.5518163,2021-09-21,Can we reimagine FAIR for building communities in open science?,presentation,
https://doi.org/10.5281/zenodo.7605128,2023-02-04,The Turing Way:  Changing research culture through open collaboration,presentation,turing way; reproducibility; research culture
https://doi.org/10.5281/zenodo.7402076,2022-12-05,Open Science Practices for Teams,publication,Open Science
https://doi.org/10.5281/zenodo.5535589,2021-09-21,Blue-Cloud: Demonstrating the potential of Open Science for the ocean through a thematic EOSC,presentation,Data discovery; Data access; datasets; virtual research environment; EOSC; ocean
https://doi.org/10.5281/zenodo.7705143,2023-02-03,Translations and Open Science: Translation as a Collaborative Practice at the Heart of Open Science,presentation,Open Science; translation; scholarly publishing; collaboration
https://doi.org/10.5281/zenodo.3599531,2019-11-05,Open Data Science Mesh: friction-free collaboration for researchers bridging High-Energy Physics and European Open Science Cloud,presentation,
https://doi.org/10.5281/zenodo.6221304,2022-02-21,Open Science Programme: Good Practice #5,poster,research data management; FAIR; universities; data stewardship; Higher Education Institutions (HEIs)
https://doi.org/10.5281/zenodo.5101467,2021-07-05,D5.4 Roadmap and guidelines to promote Open Science in transport research,publication,BE OPEN; Transport; TOPOS; Open Science; Roadmap
https://doi.org/10.5281/zenodo.5541730,2021-09-22,Fostering Institutional Collaboration through Disciplinary Open Research Data Repositories project,presentation,Research Data; Infrastructure; INSTITUTIONAL COLLABORATION; RDM Training
https://doi.org/10.5281/zenodo.6334833,2022-03-07,"Rewarding Open Science, Team Science and Collaborative Approaches",presentation,open science; team science; recognition and rewards; research assessment; community management; community engagement; FAIR; open source; team work; community building; research data management; open source software; workshop
https://doi.org/10.5281/zenodo.4281363,2020-11-19,Open Education Policies: Guidelines for co-creation,publication,Open Education; Public Policy; Policy co-creation
https://doi.org/10.5281/zenodo.3510306,2019-10-17,Hanging out your open science shingle: launching an open science program by supporting a new graduate cohort,presentation,
https://doi.org/10.5281/zenodo.6365759,2022-03-17,Reflecting Open Practices on Digital Infrastructures,poster,
https://doi.org/10.5281/zenodo.7573662,2023-01-25,Directions in Open Science Leadership at the American Geophysical Union,presentation,data sharing; software sharing; open science; open data
https://doi.org/10.5281/zenodo.7087738,2022-09-16,Emerging Open Science Leadership Fellows,publication,"open science, community of practice, fellowship, Latin America, Africa"
https://doi.org/10.5281/zenodo.4450515,2020-12-16,FAIR principles and Open data,lesson,FAIR principles; Open Science
https://doi.org/10.5281/zenodo.3906219,2020-06-24,Open Life Science mentoring and training second cohort,presentation,mentoring; open science; training; leadership
https://doi.org/10.5281/zenodo.4312918,2020-12-04,"Open Access to Publications, Open Data and FAIR Data, Open Software and FAIR software",lesson,Open Science; Open Access; Open Software; Data Management Plan; FAIR
https://doi.org/10.5281/zenodo.4317277,2020-12-10,Open Science: Why it is important,lesson,Open Science; scholarly communication; open access
https://doi.org/10.5281/zenodo.7662828,2023-02-22,Building the Open Source Science Stack,other,open science; open source; digital research infrastructure; interactive computing; Jupyter; Pangeo
https://doi.org/10.1088/1757-899X/1024/1/012069,2021-01-22,Foundations towards the future: FutPrInt50 TLARs an open approach,publication,
https://doi.org/10.5281/zenodo.7857296,2023-04-23,CryoCloud: Accelerating discovery for NASA Cryosphere communities with open cloud infrastructure,presentation,
https://doi.org/10.24424/ch0e-b129,2023-03-10,AGU 2022 - Environmental Data Science Book: a community-driven resource showcasing open-source Environmental science - archive,other,
https://doi.org/10.24424/qkna-rz18,2022-12-23,AGU 2022 - Environmental Data Science Book: a community-driven resource showcasing open-source Environmental science - snapshot,other,
https://doi.org/10.5281/zenodo.3470835,2019-10-01,Open Science and reproducibility,presentation,Open Science; Reproducibility; Open Access; Open Data; Open Polices; SKA; Square Kilometre Array; SKA Regional Centre; Jupiter Notebooks; Containerization; Conda; Spanish SRC; Reproducible figures
https://doi.org/10.5281/zenodo.4572985,2021-03-02,Ten arguments against open science that you can win.,presentation,
https://doi.org/10.5281/zenodo.5762761,2021-12-06,Developing Metrics for Assessing the Impact of Open Science Services,poster,open science; assessment metrics; library services
https://doi.org/10.5281/zenodo.7705095,2023-02-03,Internationalising European Open Science Initiatives: A decade of Research Data Alliance,presentation,Open Science; Collaboration; Research Data; RDA; TRIPLE
https://doi.org/10.1016/j.technovation.2021.102221,2021-01-23,Open innovation in the manufacturing industry: A review and research agenda,publication,Open innovation; Manufacturing industry; Multiple correspondence analysis; HOMALS; Systematic literature review
https://doi.org/10.5281/zenodo.4320969,2020-12-11,Open Science in Practice,lesson,data management; open access; data management plan; tool; open access publishing; FAIR principles; research data management lifecycle; hands-on
https://doi.org/10.5281/zenodo.6626286,2022-06-09,Open Science: Enabling science and research data to be more interoperable and reusable,presentation,Open Science; FAIR Data
https://doi.org/10.5281/zenodo.5655305,2021-11-08,Developing a REPO Assessment Workbook: Supporting Open Science Communities in the Transition to Online Learning,presentation,Open Science; Reimagining Educational Practices for Open (REPO)
https://doi.org/10.5281/zenodo.3381895,2019-08-30,The Role of Research Managers in the Advocacy of Open Science,poster,Research managers; advocacy; open science practices; collaboration; sustainable services
https://doi.org/10.5281/zenodo.1576433,2018-11-27,Open Science - From our Values to our Research Practice,presentation,"open science, open access, open sharing, reproducibility, science communication"
https://doi.org/10.5281/zenodo.7772238,2022-10-25,Lessons for Librarians in Open Science Principles and Methods 2022,presentation,open science; open data; imls; carpentries
https://doi.org/10.5281/zenodo.7402271,2022-12-05,Open Science Resources and Guidance for Teams,publication,Open Science
https://doi.org/10.5281/zenodo.2547489,2019-03-17,Including open science to research projects since their submission: a library perspective,poster,open access; research data management; H2020 projects
https://doi.org/10.5281/zenodo.7120472,2022-09-28,Enabling Open Science practices in Helmholtz!,poster,open science; open research data; FAIR; open access; open research software
https://doi.org/10.5281/zenodo.4609239,2021-03-16,"Rewards and Incentives for Open Science: A global registry, a global collaboration",presentation,
https://doi.org/10.5281/zenodo.4304330,2020-12-02,Introduction and Motivations: Open Science and Access to Research Data,lesson,Open Science; Open Access; Reproducibility; Open Data
https://doi.org/10.5281/zenodo.6811578,2022-07-07,Open science and communities of researchers: the big gap in training. A case study at Sorbonne University,presentation,Session 7: Trailblazing training for higher education
https://doi.org/10.5281/zenodo.3553934,2019-11-26,re3data - Open infrastructure for Open Science,poster,research data; research data repositories; research data management
https://doi.org/10.5281/zenodo.7704784,2023-02-02,"Research Communities, Visibility and Infrastructure: The Impact of Open Science",presentation,Open Science; Community; Infrastructure
https://doi.org/10.5281/zenodo.4795689,2021-05-31,Exploring mutuality: A report on independent open access publications in the social sciences,publication,open access; scholarly communication; mutual aid; bibliodiversity
https://doi.org/10.5281/zenodo.4299167,2020-11-30,"VU Data Conversations: Open Science, Team Science, Recognition and Reward",presentation,Data Conversations; Open Science; Team Science; Collaboration; The International Brain Laboratory; neuroscience; statistics
https://doi.org/10.5281/zenodo.7704997,2023-02-02,"A Small Step, a Big Jump: GoTriple and Linked Open Data",presentation,Open Science; Linked Open Data; TRIPLE; FAIR; Open Data
https://doi.org/10.5281/zenodo.7197523,2022-09-07,User-centred design in indicator development: Involving the biomedical community in building an open science dashboard,presentation,
https://doi.org/10.5281/zenodo.5221234,2021-08-19,ZLE Open Science Declaration,publication,open science; energy research
https://doi.org/10.5281/zenodo.5164598,2021-11-01,CSCCE Community Profile: Gathering for Open Science Hardware,other,CSCCE Community Profile; CSCCE x Wilson Center Community Profile; CSCCE; Wilson Center; Describing STEM communities
https://doi.org/10.5281/zenodo.6373605,2022-03-21,Open Research Software,presentation,software; open science
https://doi.org/10.5281/zenodo.7761371,2023-03-22,Using openBIS as virtual research environment: An ELN-LIMS open-source database tool as a framework within the CRC 1411 Design of Particulate Products,publication,Open Science; Research data management; Databases; ELN-LIMS; Interdisciplinary work
https://doi.org/10.5281/zenodo.7837428,2022-12-12,icepyx as an icebreaker: starting conversations and building competencies in open science,presentation,open science; open-source software; ICESat-2; community
https://doi.org/10.5281/zenodo.6480154,2022-04-23,International Committee on Open Phytolith Science Training Resources,lesson,Phytoliths; Archaeobotany; Open Science; Open Data; Open Access; Open Source
https://doi.org/10.1029/2021EA002204,2022-02-09,"Atmospheric Sciences Perspectives on Integrated, Coordinated, Open, Networked (ICON) Science",publication,
https://doi.org/10.5281/zenodo.7315250,2022-09-15,Building National Open Science Cloud Initiatives (NOSCIs) in Southeast Europe,poster,open science; national open science cloud initiatives; EOSC; scholarly communication
https://doi.org/10.5281/zenodo.6737966,2022-06-25,"Open science for enabling reproducible, ethical and collaborative research: Insights from The Turing Way",presentation,Open Science; Reproducibility; Collaboration; Ethics
https://doi.org/10.5281/zenodo.3745008,2020-04-01,Open communities and promoting a culture of collaboration,presentation,"community, culture, the turing way, open science, remote collaboration"
https://doi.org/10.5281/zenodo.6644437,2022-06-15,"Open Research Information at the Berlin University Alliance for Responsible Research Assessment – Presentation from ""VIVO Talks!""",presentation,Research Information; Open Research Information; Open Science; Research Assessment; VIVO; VIVO-DE; Berlin University Alliance
https://doi.org/10.5281/zenodo.5113578,2021-07-19,ITC's Strategic Plan for Open Science 2021-2025 - Towards an Open Future,publication,"Open Science, Open Access, Open Reproducible Research, Open Data, Open Educational Resources, Open Software, Open Source, FAIR Data"
https://doi.org/10.5281/zenodo.5555290,2021-10-07,TREETIME - Your Journey Towards Open Science,presentation,
https://doi.org/10.5281/zenodo.6974938,2022-09-07,Open Science Partnerships' contribution to knowledge dissemination and value creation,publication,
https://doi.org/10.5281/zenodo.2634496,2019-04-09,"OPEN SCIENCE: SHARING DATA, TOOLS AND WORKFLOWS  A STRATEGY TO INSPIRE EFFICIENT COLLABORATION",poster,Wind Energy; FAIR data; Open data; Workflow efficiency
https://doi.org/10.5281/zenodo.4048442,2020-09-24,EOSC-Life Publication of generic guidelines for the organization of topic-specific Open Calls,publication,Life science research infrastructures; Cross RI data; Cross RI tools; Cloud
https://doi.org/10.5281/zenodo.4121867,2020-10-23,Equity and inclusion: Open Science policies,presentation,OpenAIRE; Open Science; Open Science Policies; Equity; Inclusion; Asia; Europe
https://doi.org/10.5281/zenodo.5569611,2021-10-14,Open Science Resources Evaluation Team 8,publication,"Open Science, Evaluation, Vienna Principles, Education, Science"
https://doi.org/10.5281/zenodo.3736949,2020-04-01,Recent Developments for the Linguistic Linked Open Data Infrastructure,publication,Linguistic Linked Open Data; Standards; Infrastructure
https://doi.org/10.5281/zenodo.6576718,2021-06-17,Open Science for sustainability and inclusiveness: the SKA role model,presentation,
https://doi.org/10.5281/zenodo.5480014,2021-09-07,Embedded accessibility in repository and open journal services,poster,Accessibility; automated accessibility tools; Eprints; Open Journals Systems; OJS
https://doi.org/10.5281/zenodo.3934626,2020-05-13,Recent Developments for the Linguistic Linked Open Data Infrastructure,publication,"Linguistic Linked Open Data, Standards, Infrastructure; Standards; Infrastructure; strategies, tools, standards for lexicographic resources (objective 3); WP2"
https://doi.org/10.5281/zenodo.5480295,2021-09-07,"LIBSENSE: Pan-African Library/NREN Collaborations around Open Science at the Institutional, National and Regional Levels",poster,LIBSENSE; Libraries; NRENs; Open Science; Africa; Higher Education
https://doi.org/10.5281/zenodo.6257059,2022-02-24,Open Science and Open Access. Why and how to guarantee openness to knowledge,presentation,Open Science; Open Access; Open Research Europe; Research assessment
https://doi.org/10.5281/zenodo.5160281,2021-11-01,CSCCE Community Profile: Open Source Hardware Association,other,CSCCE Community Profile; CSCCE x STIP Wilson Community Profile; CSCCE; Wilson Center; Describing STEM communities
https://doi.org/10.5281/zenodo.6617538,2022-06-03,Transform to Open Science (TOPS) OpenCore Curriculum Pre-Sprint Meeting,presentation,Open Science; Open-Source; Open Knowledge
https://doi.org/10.5281/zenodo.6841867,2022-07-15,The Turing Way response to UNESCO's Global Call for Best Practices in Open Science,publication,
https://doi.org/10.31866/2616-7654.8.2021.247582,2021-12-20,"Open Access, Open Science, Open Data: How it Was and Where We are Going",publication,open access; open science; open data; scientific communication; repositories; journals
https://doi.org/10.5281/zenodo.7684492,2023-02-28,Open Science and DMP in Estonia + QA by Grant Office,lesson,Open Science; DMPonline; Research Data Management; DMP
https://doi.org/10.1080/14479338.2021.1999248,2021-12-17,Examining Open Innovation in Science (OIS): what Open Innovation can and cannot offer the science of science,publication,Open Innovation in Science; Open Innovation; Open science; Science of science; Knowledge flows; Boundaries; Boundary crossing; Scientific research
https://doi.org/10.5281/zenodo.7553419,2023-01-20,Open Science Methodological Toolkit,publication,Open Science; Toolkit; action model; EELISA InnoCORE; vision
https://doi.org/10.5281/zenodo.6426902,2022-04-08,Considerations for Open Practices in Quantum Technologies Research: A reflection on current research practices and aims for the future,poster,Open Research; Open Science; Research Practices
https://doi.org/10.5281/zenodo.7515859,2023-01-09,2023 YUFERING Open Science Calendar,other,Open Science; Open Research; OA Community; Open Access; YUFERING; YUFE; University Alliances; Artificial Intelligence; Scholarly Communication
https://doi.org/10.5281/zenodo.4720432,2021-04-26,Open and FAIR science in an institutional context,presentation,open science; FAIR data; FAIR science; FAIR ethics; biophysics; biomedical engineering; data management; research cycle; biophysics
https://doi.org/10.5281/zenodo.7387392,2022-12-01,Exploring the Internationalisation and localisation for Open Science through the Turing Way Hands-on Workshop,presentation,
https://doi.org/10.5281/zenodo.3548158,2019-06-04,Universities and Knowledge Sharing: The Curtin Open Knowledge Initaitive,presentation,"Open Access, Open Scholarship, Scholarly Communication, Open Knowledge"
https://doi.org/10.5281/zenodo.3504565,2019-10-18,SO-DRIIHM: promoting Open Science within the LabEx DRIIHM and improving its Research Data Infrastructure,poster,open science; e-infrastructure; co-design; awareness; FAIR data
https://doi.org/10.5281/zenodo.6811664,2022-07-07,An Open Science Mooc: drawing on the strengths of collaboration between institutions,presentation,Session 7: Trailblazing training for higher education
https://doi.org/10.5281/zenodo.4537702,2021-02-11,Building a Culture of Collaboration in Open Source Communities with The Turing Way,presentation,Community; Open Source
https://doi.org/10.1111/cobi.13835,2021-08-04,Closing the knowledge-action gap in conservation with open science,publication,critical appraisal; evidence-based decision-making; knowledge mobilization; open access; open code; open data; open education resources; transparency
https://doi.org/10.5281/zenodo.6575301,2022-05-24,Open Science: Enabling science and research data to be more interoperable and reusable,presentation,Open Science; Open Data; FAIR Data; FAIR Software
https://doi.org/10.5281/zenodo.2578277,2019-02-26,Building an open source software ecosystem for cross-disciplinary plasma research and education,publication,plasma physics; open source scientific software; scientific reproducibility; software sustainability
https://doi.org/10.5281/zenodo.5126877,2021-03-31,E-Learning Management System for community schools during COVID-19 pandemic and beyond a review of some open source LMS software,publication,ATutor; Chamilo; Covid-19; pandemic; ILIAS; learning management system; Learning Tools Interoperability; LTI; Moodle; open source; school; Web accessibility
https://doi.org/10.5281/zenodo.5541450,2021-09-22,Open Science and Scholarly Communication in Greece: amplifying understanding and building capacity through synergies,presentation,Open Science; Research Data; Research Data Management; Scholarly Communication; Training
https://doi.org/10.5281/zenodo.4720527,2021-04-26,Engaging with Open Science as feminist Early Career Researchers: 6 Top Tips,poster,
https://doi.org/10.5281/zenodo.7197596,2022-10-06,Pilot Dashboard for Open and FAIR Data Metrics by HMC Hub Matter,poster,Helmholtz Metadata Collaboration; FAIR
https://doi.org/10.5281/zenodo.6589624,2022-05-27,"Open science for enabling reproducible, ethical and collaborative research: Insights from The Turing Way",presentation,
https://doi.org/10.5281/zenodo.3776772,2020-04-30,Digital economy for Open Science,poster,Research; Innovation; Research Evaluation; Reproducibility Integrity of Research; Accessibility of Scientific Results; Science Funding; Open Research Infrastructure
https://doi.org/10.5281/zenodo.5578792,2021-10-19,"More Open, better Science. Towards a new research evaluation system",presentation,Open Science; Open Access; Research assessment; Research data management
https://doi.org/10.15802/unilib/2021_249625,2021-12-28,OPEN EDUCATIONAL RESOURCES IN THE CONTEXT OF OPEN ACCESS,publication,open educational resources; OER; open access; libraries of higher education institutions; university libraries
https://doi.org/10.5281/zenodo.4674616,2021-04-09,Winning Grants with Open Science & RRI,presentation,Open Science; Open Data; Open Research Software; Open Scholarship; Open Protocols; Negative Results
https://doi.org/10.5281/zenodo.7740405,2023-02-20,Geospatial Data Portals and Open Geospatial Data,presentation,open data; geospatial data; geospatial data portal; cloud computing
https://doi.org/10.5281/zenodo.5588123,2021-09-28,A guide to Open Science in Horizon Europe,other,"Horizon Europe, Open Science"
https://doi.org/10.5281/zenodo.4704032,2021-04-20,"VU Data Conversations: Hackathons, Collaboration and Data in (Open) Science",presentation,Data Conversations; Open Science; Collaboration; Hackathons
https://doi.org/10.5281/zenodo.2454725,2018-11-05,Fostering Open Science by using Blockchain Technology,poster,"Blockchain, Open Science, OriginStamp, CryptSubmit, VirtualPatent, Open Research Cycle"
https://doi.org/10.5281/zenodo.7635164,2023-02-13,Open Science Training in TRIPLE,presentation,Open Science; EOSC; FAIR; Training
https://doi.org/10.5281/zenodo.5710539,2021-11-30,Multilevel Government Cooperation for Open Pit Mining Projects,publication,"local government, local governance, urban-rural, Argentina, intergovernmental relations, Andalgalá, Famatina, intergovernmental relations, federal-provincial relations, mining, citizen mobilization, shared rule,"
https://doi.org/10.5281/zenodo.1443171,2018-10-03,Open Science: Where do we go from here?,presentation,
https://doi.org/10.5281/zenodo.6484818,2022-05-23,Presence of Open Science Skills in the Croatian LIS Curriculum,presentation,open science; LIS curricula; open science skills; LIS studies; Bobcatsss; BOBCATSSS; bobcatsss; bobcatsss 2022
https://doi.org/10.5281/zenodo.5527043,2021-09-24,Guidance on Open Science and Research Data Management in Horizon Europe proposals,other,
https://doi.org/10.5281/zenodo.6948166,2022-09-07,User-centred design in indicator development: Involving the biomedical community in building an open science dashboard,publication,
https://doi.org/10.5281/zenodo.7326280,2022-11-16,Decision making procedures in data management and  data stewardship  for Open Science,presentation,
https://doi.org/10.5281/zenodo.3776718,2020-04-30,The INOS Project: Integrating Open and Citizen Science Into Active Learning Approaches in Higher Education,poster,Erasmus+; HEIs; Open Science; Citizen Science; Curricula; Active Learning Approaches; Higher Education
https://doi.org/10.5281/zenodo.2254312,2018-12-13,Open Science and Codes of Conduct on Research Integrity,publication,open science; open scholarship; research ethics; research integrity; science studies; code of conduct; research community; self-regulation
https://doi.org/10.5281/zenodo.3258179,2019-06-27,Joint European Project to Enhance Collaboration: Promoting research data management and open science within technical fields,presentation,"Research data management, technical fields,"
https://doi.org/10.5281/zenodo.7428976,2022-12-01,DDI and FAIR Open Data APIs,presentation,
https://doi.org/10.1007/978-981-15-4276-3_2,2020-05-25,"Open Science and Radical Solutions for Diversity, Equity and Quality in Research: A Literature Review of Different Research Schools, Philosophies and Frameworks and Their Potential Impact on Science and Education",publication,Open Science; literature review; reliability; trust; credibility; transparency; openness; reproducibility; open data; open access; replication; registered reports; Open Education; OpenEd Framework; OER; UNESCO Recommendation
https://doi.org/10.5281/zenodo.5741832,2021-11-24,UNESCO Recommendation on Open Science,publication,open science; unesco; recommendation; international instriuments
https://doi.org/10.5281/zenodo.6544597,2022-02-17,"Open Science: catch phrase, or a better way of doing research?",presentation,Open Science
https://doi.org/10.5281/zenodo.4501747,2020-02-17,Open Science Competency Center – towards engaging and supporting researchers in opening research data across disciplines,poster,Open Research Data; Open Science; Open Science Competence Center
https://doi.org/10.5281/zenodo.5139604,2021-07-28,Open Source Software: facilitating Open Science at TU Delft,presentation,Open Source Software; Research Software; Open Science; Policy; TU Delft
https://doi.org/10.5281/zenodo.4760370,2021-05-14,"Encouraging Collaboration between Citizens, Higher Education and Library Staff and Students through Open Knowledge and Open Innovation Activities",poster,
https://doi.org/10.5281/zenodo.7276050,2022-11-03,"Awareness rising on Open Science, EOSC and FAIR Principles",presentation,Open Science; FAIR principles; training; EOSC; Tripartite events; EOSC-A; upskilling; skills; competencies
https://doi.org/10.5281/zenodo.5840202,2022-01-12,Module 3. Open and responsible research,lesson,open research; responsible research; researchers; data stewards; training; framework
https://doi.org/10.5281/zenodo.4404860,2020-12-30,Open Science MOOC Response to UNESCO Draft Open Science Recommendations,publication,UNESCO; Open Science; Open Science MOOC
https://doi.org/10.5281/zenodo.7684733,2023-02-28,"The Turing Way Workshop: Reproducible, Open and FAIR Research",presentation,Open Science; Reproducible research; FAIR data; Training
https://doi.org/10.5281/zenodo.5834767,2021-11-23,UNESCO Recommendation on Open Science,publication,open science; recommendation
https://doi.org/10.5281/zenodo.1217423,2018-06-12,ROER4D Open Research Toolkit - Meta-synthesis conceptual and analytical frameworks,publication,Adoption and Impact of OER in the Global South; analytical framework; conceptual framework; Global South; OER; Open Educational Resources
https://doi.org/10.5281/zenodo.7233416,2022-10-21,FAIR research information in open infrastructures,presentation,FAIR research information; research information; scholarly metadata
https://doi.org/10.5281/zenodo.4155449,2020-10-06,Matthew Effects in Open Science and RRI,publication,Open Science; Responsible Research Innovation; Matthew effect
https://doi.org/10.5281/zenodo.6913361,2022-07-27,The European Open Science Cloud (EOSC) and Its Implications for the Digital Humanities and Social Sciences,presentation,EOSC; SSHOC; SSH Open Marketplace; DARIAH; CLARIN; CESSDA; CoreTrustSeal; Data Repository
https://doi.org/10.5281/zenodo.6535369,2022-05-10,Why Open Science?,presentation,
https://doi.org/10.5281/zenodo.7307657,2022-10-26,"Open Science in Education Sector Research: How Governments & H.E. Institutions can Collaborate to Promote Relevance, Accessibility, & Sustainability of Research Endeavors",presentation,Education sector; open access; open research
https://doi.org/10.5281/zenodo.3898443,2020-05-13,Social Sciences and Humanities Pathway Towards the European Open Science Cloud,publication,SSH; Research Infrastructure; EOSC; data; FAIR; research data; social sciences and humanities; TRIPLE
https://doi.org/10.5281/zenodo.7099805,2021-09-30,TRIPLE Training activities on Open Science and the EOSC,presentation,Training; Open Science; FAIR
https://doi.org/10.5281/zenodo.1435390,2018-09-26,Open Science - Where do we go from here?,presentation,open science; open scholarship; open research
https://doi.org/10.5281/zenodo.4531419,2019-06-24,The DARIAH-EU and OpenAIRE collaboration on Open Science publishing practices,presentation,openscience publishing; OpenAIRE; digital humanities; DARIAH
https://doi.org/10.5281/zenodo.7360227,2022-06-30,TRIPLE Deliverable: D6.5 Report on Open Science within the EOSC,publication,Open Science; SSH; EOSC; Research Infrastructure; TRIPLE; OPERAS
https://doi.org/10.18780/jiim.v3i2.4351,2019-02-01,Best collaborative practices for advocacy and promotion of Open Educational Resources,publication,academic libraries; universities; collaboration; Open Educational Resources (OER); faculty; students
https://doi.org/10.5281/zenodo.2548695,2019-01-25,Case studies on Open Science in the context of ERC projects - Set 5,publication,Open Science; ERC; European Research Council
https://doi.org/10.5281/zenodo.7554804,2023-01-20,NASA Open-Source Science Initiative and Transform to Open Science at AMS 2023 Meeting,presentation,
https://doi.org/10.5281/zenodo.5638687,2021-11-02,OPEN-NEXT/D3.3-Report: v1.0.2,publication,
https://doi.org/10.5281/zenodo.3633039,2020-01-31,Realising the Social Sciences and Humanities for the European Open Science Cloud - CLARIN,poster,SSHOC; Social Sciences and Humanities Open Cloud; European Open Science Cloud; EOSC; Interoperability; metadata interoperability; data interoperability; FAIR principles; metadata standards; EOSC-hub; CLARIN
https://doi.org/10.5281/zenodo.7559088,2023-01-22,Research Integrity and the Frankenstein Challenge to Open Science,presentation,"Data policy, Frankenstein, Mary Shelley, Open Science, UNESCO, Ethics, Science Policy, SDGs"
https://doi.org/10.5281/zenodo.3560726,2019-11-28,01 Ignat Open Science and Seachange Research 2_1,presentation,"Open Science, Metaresearch"
https://doi.org/10.5281/zenodo.6806343,2022-07-15,A Collection of Open Science Use Cases on Societal Engagement,publication,
https://doi.org/10.5281/zenodo.3667713,2020-02-14,Curated Archiving of Research Software Artifacts: lessons learned from the French open archive (HAL),presentation,software deposit; moderation; digital archiving; PID; reproducinility; citation; Software Heritage
https://doi.org/10.15802/unilib/2022_270952,2022-12-30,European Practices of Overcoming Language Barriers in Times of Crisis: Open Educational Resources,publication,open educational resources; language barriers; university library; distance education; ENOEL; linguocide; war in Ukraine; library in wartime; information support for distance learning; USUST; SPARC Europe
https://doi.org/10.5281/zenodo.4141447,2020-10-27,Open Science: Rethinking rewards and evaluation the key to change?,presentation,
https://doi.org/10.5281/zenodo.7653027,2023-02-15,National strategies and continent-wide facilitation  for the implementation of Open Science practices in Africa,presentation,
https://doi.org/10.5281/zenodo.5083256,2021-07-08,Enabling seamless international collaborations in Science - Science Mesh for the European Open Science Cloud,poster,
https://doi.org/10.5281/zenodo.5770712,2021-12-09,Open Reviewers Africa – A workshop to empower  the next generation of African Peer Reviewers,presentation,
https://doi.org/10.5281/zenodo.5018067,2020-05-31,ON-MERRIT D4.1 Information Seeking Behaviour and Open Science Uptake in Industry: A Literature Review,publication,SMEs; Industry; Patent Analysis
https://doi.org/10.5281/zenodo.7697077,2023-03-01,Resolved: Open practices make science better - Debate Materials,publication,debate; open science
https://doi.org/10.5281/zenodo.2575365,2019-01-09,Use cases of OpenAIRE Open Science services for different stakeholders,publication,Open Science; Services; Training Materials; Training Activities
https://doi.org/10.5281/zenodo.4501745,2020-11-27,Open Science Competence Center at the Gdansk University of Technology Library in numbers,poster,open science; competence center; researcher support
https://doi.org/10.5281/zenodo.7234121,2022-10-21,How to create synthetic data: a tool for open science,presentation,synthetic data; workshop; privacy
https://doi.org/10.5281/zenodo.6950103,2022-08-01,OPEN-NEXT/D3.2-Report: v1.0.0-copy,publication,
https://doi.org/10.5281/zenodo.4320092,2019-06-08,Whose Infrastructure? Towards Inclusive and Collaborative Knowledge Infrastructures in Open Science,publication,
https://doi.org/10.5281/zenodo.7186497,2022-10-11,Transform to Open Science Mission October 2022 Community Panel,presentation,
https://doi.org/10.5281/zenodo.6564258,2022-05-17,Transform to Open Science Mission May 2022 Community Panel,presentation,Open Science; Open Knowledge; Open-source
https://doi.org/10.5281/zenodo.5009214,2021-06-22,Open and FAIR Data and Software - Important Elements of Open Science,presentation,Data Leadership
https://doi.org/10.23760/2421-7158.2021.009,2021-12-15,"Management of open access research infrastructures in large EU projects: the ""CultureLabs"" case",publication,open access; GDPR; data management; research infrastructures; SSH
https://doi.org/10.5281/zenodo.6509816,2022-05-01,Funder mandates for reproducible and open research,presentation,
https://doi.org/10.5281/zenodo.7003684,2022-06-07,From intent to impact: Investigating the effects of open sharing commitments,publication,COVID-19; Evaluation; Open access; Open data; Open science; Open sharing; Preprints
https://doi.org/10.5281/zenodo.1441028,2018-10-01,Towards a shared vision for open scholarly communication: the Vienna Principles and the Jussieu Call,presentation,
https://doi.org/10.5281/zenodo.3406803,2019-09-12,NSF CSSI proposal: An open source software ecosystem for plasma physics,publication,plasma physics; open source scientific software
https://doi.org/10.5281/zenodo.5839991,2022-01-12,"Module 1. Introduction to RDM, FAIR and Open Science",lesson,FAIR; FAIR data; open data; research data management; researchers; data stewards; data stewardship; open science; training
https://doi.org/10.5281/zenodo.3582040,2019-12-18,What role can Open Science  play in enabling  global knowledge exchange?,presentation,Research in Africa; Open Science; Open Access; Africa
https://doi.org/10.5281/zenodo.5714284,2021-11-20,Introducing Linked Open Data Living Informational Books,presentation,Linked Open Data; Permanent Identifiers; Digital Humanities; Open Access; Book Publishing; Peer Review
https://doi.org/10.5281/zenodo.4627260,2021-03-22,Citizen & Open Science in Higher Education: Co-creating a Shared Vision,presentation,Citizen Science; Open Science
https://doi.org/10.5281/zenodo.4117919,2020-10-22,Education and training in FAIR Open science - Intorduction to the workshop at Living Norway Colloqium 20+20,presentation,FAIR Science principles; Open science; Higher education
https://doi.org/10.5281/zenodo.3633016,2020-01-31,Realising the Social Sciences and Humanities part of the European Open Science Cloud - Liber,poster,SSHOC; Social Sciences and Humanities Open Cloud; European Open Science Cloud; EOSC; Interoperability; metadata interoperability; data interoperability; FAIR principles; metadata standards; Research Libraries; European Research Libraries
https://doi.org/10.5281/zenodo.7114498,2022-09-26,The Carpentries Incubator and Lab: a pathway to peer-reviewed publication for open source lessons,poster,
https://doi.org/10.21303/2613-5647.2020.001294,2020-04-30,UNIVERSITY – INDUSTRY INTERACTION ON KNOWLEDGE MANAGEMENT THROUGH OPEN INNOVATION SYSTEMS,publication,knowledge management; open innovation; university – industry collaboration
https://doi.org/10.5281/zenodo.4725698,2021-04-27,"International, Scholar-led Collaboration around Community-led Open Publishing Infrastructures for Monographs",presentation,Open Infrastructure; Open Access; Monographs; Humanities & Social Sciences; Library Publishing; Scholar-led Publishing; Digital Publishing; Open Data; Scholarly Communications; Open Source Software; ScholarLed; OA books
https://doi.org/10.5281/zenodo.7038590,2022-08-31,Workshop at the Dutch Open Science Festival 2022 - Getting Started in Citizen Science with the Principles & the Quality Matrix,presentation,Citizen Science
https://doi.org/10.5281/zenodo.5061080,2021-07-02,LIBER 2021 Session #11: Rocky Road: Opportunities & Challenges in Open Publishing,presentation,
https://doi.org/10.5281/zenodo.4290795,2020-09-03,The Varying Openness of Digital Open Science Tools,publication,"Open Science, reproducible, digital, ecosystem"
https://doi.org/10.5281/zenodo.5156249,2021-08-03,OPEN-NEXT/tldr-ipr: v1.0.1,publication,
https://doi.org/10.5281/zenodo.3826443,2020-05-14,Open Science Communities: to the Netherlands and Beyond!,presentation,open science; community building; open scholarship
https://doi.org/10.5281/zenodo.3626960,2020-01-24,Realising the Social Sciences and Humanities for the European Open Science Cloud - EOSC Hub,poster,SSHOC; Social Sciences and Humanities Open Cloud; European Open Science Cloud; EOSC; Interoperability; metadata interoperability; data interoperability; FAIR principles; metadata standards; EOSC-hub
https://doi.org/10.5281/zenodo.5529750,2021-09-27,CFARS Site Suitability Initiative: An Open Source Approach to Evaluate the Performance of Remote Sensing Device (RSD) Turbulence Intensity Measurements & Accelerate Industry Adoption of RSDs for Turbine Suitability Assessment,publication,wind energy; wind lidar; open source; collaboration; resource assessment; atmospheric science
https://doi.org/10.5281/zenodo.4451856,2020-07-20,Communicating Science: Reform Model of the Gates Open Research Platform,publication,science communication; barriers to scientific communication; scientific ecosystem; open science; open refereeing process; open access publishing model; transparent publishing; author-led publication; research-centred platform; Bill and Melinda Gates Foundation; F1000Research; Plan S
https://doi.org/10.5281/zenodo.3674681,2020-02-06,Data Management Plan - Why write one and How to do it: presentation slides from an open seminar at Stockholm University 2020-01-28,presentation,Data Management Plans; DMP Online; research data management; research ethics; open science; research funders; Stockholm University; Swedish Research Council; Riksbankens jubileumsfond
https://doi.org/10.5281/zenodo.3828460,2020-05-08,Embracing a FAIR Culture. FAIRsFAIR Synchronisation efforts in aligning with EU initiatives to foster Open Science in Europe,poster,FAIR; Open Science; EOSC; FAIRsFAIR
https://doi.org/10.5281/zenodo.5095677,2021-07-13,Linked open data and ISNI as a crucial bridge identifier for cultural heritage,poster,Linked Open Data – International Standard Name Identifier (ISNI) – Cultural heritage –  Scientific research – Learning network
https://doi.org/10.5281/zenodo.4607428,2021-03-12,Open Science Café - Open Research Europe the new open access publishing platform of the European Commission,presentation,Open Science Café; Open Access; Open Research Europe; publishing platform
https://doi.org/10.5281/zenodo.3260292,2019-06-28,University Journals: Consolidating Institutional Repositories in a Free Open Access Publication Platform,presentation,
https://doi.org/10.5281/zenodo.6592783,2022-05-30,Designing for Knowledge Construction to Facilitate the Uptake of Open Science: Laying out the Design Space,publication,"open science, knowledge construction, design implications, platform design"
https://doi.org/10.5281/zenodo.7909186,2023-01-24,"Nationwide Openscapes Training at NOAA Fisheries Science Centers: Facilitating Collaboration, Skill-sharing, and Open Science",other,open science
https://doi.org/10.5281/zenodo.7115904,2022-09-27,université Paris Nanterre Open science strategy 2022-09-27,presentation,
https://doi.org/10.5281/zenodo.6621968,2022-06-08,"The use of controlled, accepted, preferably multi-lingual, vocabularies can help achieve open-science outcomes",presentation,scientific vocabularies; open science; sharing; data reuse
https://doi.org/10.5281/zenodo.5764359,2021-12-07,Open Access Student Event  - The game of Open Access,other,Open Access; Open Science; Creative Commons
https://doi.org/10.5281/zenodo.3245824,2019-06-14,"[RIS3-MCAT Demo]  Smart Specialisation Mapping Platform - A science and innovation policy-making, implementation and monitoring open data platform",presentation,Open government; Open data; Smart specialisation; RIS3; Data visualisation; Sustainable Development Goals; SDGs; Virtual knowledge graph; Ontology-based data integration; Research and innovation policy; Monitoring
https://doi.org/10.5281/zenodo.4719406,2021-04-26,Openness Profile: Modelling Research Evaluation for Open Scholarship,presentation,Knowledge Exchange; KE; Open Scholarship; Openness Profile; Open Research
https://doi.org/10.5281/zenodo.7735946,2023-03-13,The State of Open Science in Indonesia: a preliminary analysis of digitalisation's impact on science regimes,presentation,digitalisation; open science; UNESCO; Indonesia; open access; open data; citizen science; policy; science; technology; digital literacy
https://doi.org/10.5281/zenodo.7263151,2022-10-29,The Digital Open Science Ecosystem in Latin America and the Caribbean,publication,open science; latin america
https://doi.org/10.13140/RG.2.2.30203.39204,2022-11-10,Unite! Open Badge Workshop,presentation,"open badge, digital badge,"
https://doi.org/10.5281/zenodo.3260217,2019-06-28,A Bibliometric study of the Literature of Open Science & Open Access,presentation,
https://doi.org/10.5281/zenodo.4892245,2021-06-01,ESFRI Science Clusters Position Statement on Expectations and Long-Term Commitment in Open Science,publication,Research infrastructure; Science cluster; European Open Science Cloud; ESFRI
https://doi.org/10.5281/zenodo.5647838,2021-11-05,Open Research Europe in practice – All a librarian needs to know,presentation,
https://doi.org/10.5281/zenodo.6420897,2022-04-07,Scalable Environments for reproducible Open Science,presentation,egi-ace eosc open science reproducibility notebooks jupyter binder datahub
https://doi.org/10.5281/zenodo.5791954,2021-11-07,Extending the Open Access using Extensions: Freeing Scholarly Communication from the Walled Garden,publication,Open Access; OA Tools; Plan S; cOAlition S; Creative Common Licenses; CORE; OA Button; Unpaywall; Dataverse; Zenodo
https://doi.org/10.5281/zenodo.6841873,2022-07-15,Open Life Science (OLS) response to UNESCO global call for best practices in open science,publication,
https://doi.org/10.5281/zenodo.5720674,2021-10-18,The Global Open Science Cloud Landscape,publication,"Global Open Science Cloud, 2021"
https://doi.org/10.5281/zenodo.3776747,2020-04-30,Perspectives on the Nature of Open Data in Business Cooperation,poster,Open Data; Universities of Applied Sciences; Open RDI Process Cycle; Business co-operation
https://doi.org/10.3389/fbloc.2019.00016,2019-11-19,A Review on Blockchain Technology and Blockchain Projects Fostering Open Science,publication,blockchain; open science; infrastructure; ecosystem; review; research potentials; requirements
https://doi.org/10.5281/zenodo.3776759,2020-04-30,A platform for mainstreaming citizen science and open science in Europe,poster,Citizen Science; Open Science; European Platform; Networking; Standardization of Data
https://doi.org/10.5281/zenodo.4293329,2020-11-27,Three perspectives on Open Science in research assessment,publication,"Open Science; recognition and rewards, DORA"
https://doi.org/10.5281/zenodo.7494171,2022-10-31,The Transformative Role of University Libraries and other Memory Institutions for Citizen Science and Open Science in the Baltics,publication,LibOCS; civic engagement; collaboration in research; role of library; library; museum; citizen science; open science; memory institution
https://doi.org/10.5281/zenodo.7667299,2023-02-22,The Value of Hosted JupyterHubs in enabling Open NASA Earth Science in the Cloud,publication,Openscapes; Open Science; JupyterHub; NASA Earthdata; cloud computing
https://doi.org/10.5281/zenodo.5550061,2021-09-22,A turning point in research assessment on the road to open science: an approach from social sciences in Latin America and the Caribbean,presentation,
https://doi.org/10.5281/zenodo.3554344,2019-11-26,Jisc Open Research Hub – Supporting Open Scholarship,poster,Research Data; Integration; Preservation; Shared Services; Open Scholarship
https://doi.org/10.5281/zenodo.7662993,2023-02-21,CryoCloud: Accelerating Discovery for NASA Cryosphere Communities with Open-Cloud Infrastructure (NASA Request for Information),publication,open-source science; cloud-computing; NASA; Jupyter
https://doi.org/10.5281/zenodo.5571983,2021-10-15,"Open Research Europe: the framework, the goals, and the developments",presentation,
https://doi.org/10.5281/zenodo.5543994,2021-09-23,Building capacity for Open Science through institutional repository training,presentation,Repositories; Training; Skills; Open Science; Librarians
https://doi.org/10.5281/zenodo.5542306,2021-09-30,Proposed Guidelines for Geoscience Open Educational Resources (OER),other,Open Educational Resources; Geoscience Education; OER
https://doi.org/10.5281/zenodo.3532725,2019-11-08,Open Science Practices – a theoretical reflection,publication,
https://doi.org/10.5281/zenodo.4657028,2021-04-01,Open Research Calendar,poster,
https://doi.org/10.5281/zenodo.1478557,2018-08-21,"Report on EU open science practices and transfer of knowledge and skills: [Report prepared within the project BE-OPEN - Boosting Engagement of Serbian Universities in Open Science, under WP2: Developing and Adjusting Guidelines, Policies, and Incentives]",other,open science policies; open access policies; next-generation metrics; open access publishing; institutional repositories; open access mandates; open data; research data management
https://doi.org/10.5281/zenodo.7255001,2022-10-26,Community Resource for Innovation in Polymer Technology - Mission: Open-Source Polymer Data Ecosystem,presentation,"Webinar, FAIR, Cheminformatics, Chemical Data"
https://doi.org/10.5281/zenodo.3233117,2019-05-28,How to Feed Your Robot: Building and Maintaining Open Machine Learning Datasets,presentation,Machine learning; Training data; Data curation
https://doi.org/10.5281/zenodo.7704572,2023-03-07,"TRIPLE Conference ""Improving Discovery and Collaboration in Open Science"" (1-3 February 2023)",publication,Open Science; TRIPLE; OPERAS; Open Data; Collaboration; Discovery
https://doi.org/10.5281/zenodo.7044849,2022-08-15,"Stories of Open Science: With a large network of people, you can do a lot of fun things in science - Dr. Afshin Beheshti",publication,
https://doi.org/10.3897/biss.4.59070,2020-10-06,DINA—Development of open source and open services for natural history collections & research,publication,collection data management; research data; software development; collaboration; interoperability
https://doi.org/10.5281/zenodo.3507283,2019-10-10,Open Scholarship case studies at the University of Oxford,presentation,Open Science; Open Research; Open Scholarship; Case studies
https://doi.org/10.5281/zenodo.7340694,2022-10-27,"Use, re-use and collaboration: making open research a reality in the Middle East and North Africa",presentation,Open Science; open access; MENA; Academic Publishing; Research
https://doi.org/10.5281/zenodo.3266846,2019-06-28,Supporting Researchers on Open Science from Building a Research Project to its End,presentation,
https://doi.org/10.5281/zenodo.6620914,2022-06-07,Executive Summary: From intent to impact: Investigating the effects of open sharing commitments,publication,COVID-19; Evaluation; Open Access; OA; Open Data; Open Science; Open Sharing; Preprints
https://doi.org/10.5281/zenodo.3554342,2019-11-26,Jisc Open Research Hub – Supporting Open Scholarship,presentation,Research Data; Integration; Preservation; Shared Services; Open Scholarship
https://doi.org/10.5281/zenodo.7635058,2023-02-13,Open Science Policies seen from the perspective of researchers' communities: Brasil & Peru,presentation,Open science; Basic sciences researchers
https://doi.org/10.5281/zenodo.3258040,2019-06-27,Is the Library Open? Correlating Public Access to Academic Libraries with Open Access Support,presentation,
https://doi.org/10.5281/zenodo.6337516,2022-03-08,D 5.4: YUFE Open Science calendar 2022,publication,YUFERING; Open Science; YUFE; University Alliances; Open Research; Scholarly communication; Open Access; OA community
https://doi.org/10.5281/zenodo.3935820,2020-07-08,ORBIS (Open Research Biopharmaceutical Internships Support) – building bridges between academia and pharmaceutical industry to improve drug development,publication,
https://doi.org/10.5281/zenodo.7705175,2023-02-02,Workshop: Connecting Within-discipline Infrastructures in Support of Cross-disciplinary Collaborations to Tackle Global Challenges for Open Science Collaborations & Multlilingualism,presentation,
https://doi.org/10.5281/zenodo.6571566,2021-10-07,Identification of 'best practices' in Open Scienc,publication,Open Science; Best practices
https://doi.org/10.5281/zenodo.3258190,2019-06-27,Making Open Science transparent: the Bibliolabs project,presentation,
https://doi.org/10.5281/zenodo.7806405,2023-03-31,Wikibase4Research: Free and open source suite of tools for the storage  and management of Linked Open Data (LOD),poster,Wikibase; Wikidata; Knowledge Graphs; Research Data Management; Open Science; NFDI4Culture; NFDI
https://doi.org/10.5281/zenodo.5877182,2021-05-31,Open Science for Arts Design and Music (project proposal and evaluation),publication,Open Science for arts design and music; swissuniversities
https://doi.org/10.5281/zenodo.4320089,2018-08-15,Final Technical Report (Feb. 2018) - OCSDNet Catalyzing Open and Collaborative Science to Address Development Challenges,publication,"Open Science, development, inclusive approaches to knowledge production, inclusive infrastructures, collaboration, co-production, research tools, citizen science"
https://doi.org/10.5281/zenodo.7316660,2022-12-04,KDC: an open corpus for computational research of dastgāhi music,publication,ismir; ismir2022
https://doi.org/10.5281/zenodo.5549651,2021-09-22,Open Research at AGU and Wiley,presentation,Data availability statements; Data Management Plan; Research Data Management Lifecycles; Research Outcomes
https://doi.org/10.5281/zenodo.7335330,2021-06-01,TAC. Open Syllabus and Open Tools to Train Young Data Makers,publication,Primary school; Design product; Environmental data; Young makers; DIY; Arduino; Open data
https://doi.org/10.5281/zenodo.5037898,2021-06-28,CSCCE Community Profile: Open WIN,other,CSCCE Community Profile; CSCCE; Describing STEM communities; Open WIN
https://doi.org/10.5281/zenodo.5571150,2021-10-14,Open science - data oriented - training workshop for Marine biologists in Madagascar,poster,"open data, Research Data Alliance, conference, Marine ecology, Madagascar"
https://doi.org/10.5281/zenodo.7704760,2023-02-01,Open Science and digital humanities in the United Nations Depository Libraries System,publication,Open Science; Libraries; Digital Humanities; SSH; Collaboration; Discovery
https://doi.org/10.5281/zenodo.5843442,2021-12-10,ENVRI-FAIR Project brief on implementation of Open Science and EOSC targets,publication,ENVRI; ENVRI-FAIR; project brief; Open Science; EOSC; FAIR principles; interoperability; cross-cluster collaboration; infrastructure
https://doi.org/10.5281/zenodo.4016412,2020-09-11,Citizen science and open science - Taiwan's public health experience,presentation,citizen science; open science; civic engagement; open governance; citizenship; Taiwan; COVID-19; public health; pandemic
https://doi.org/10.5281/zenodo.3375672,2019-08-23,Think Like A Scholar: How to find free and Open Access scholarly resources,presentation,Scholarly publishing
https://doi.org/10.5281/zenodo.2545597,2019-01-21,Edition Open Access: XML Workflow,presentation,"hybrid publishing, ,; book production workflow; document model; text enrichment"
https://doi.org/10.5281/zenodo.6858743,2022-07-18,Libkrylov: A Modular Open-Source Software Library for Extremely Large On-The-Fly Matrix Computations,poster,Linear Algebra; Iterative Computation; Molecular Properties
https://doi.org/10.3897/BDJ.10.e81282,2022-04-28,Ali-Bey - an open collaborative georeferencing web application,publication,georeferencing; web application; site name versioning; collaborative database; digital specimens; natural history collections; traceability; Museu de Ciències Naturals de Barcelona
https://doi.org/10.5281/zenodo.1317768,2018-07-20,Information system use cases and use context of an open reliability information system,publication,Reliability information; Database; Use cases
https://doi.org/10.5281/zenodo.1848198,2018-12-03,Case studies on Open Science in the context of ERC projects - Set 4,publication,Open Science; ERC; European Research Council
https://doi.org/10.5281/zenodo.5118641,2021-07-21,A workshop on priorities and international alignment for the European Open Science Cloud,publication,
https://doi.org/10.1088/2516-1083/ac86b5,2022-08-17,Improving future travel demand projections: a pathway with an open science interdisciplinary approach,publication,travel demand; mobility; long-term projections; travel demand forecasting
https://doi.org/10.5281/zenodo.4420961,2021-01-05,The Pragmatic School of Thought in Open Science: A Case Study of Multi-stakeholder Participation in Shaping the Future of Internet Governance,publication,Open Science Practices in Information Systems Research; Internet Governance; IT Ethics; Open Science; Stakeholder Dialogue; Citizen Science; Virtual Work
https://doi.org/10.5281/zenodo.5044769,2021-06-30,LIBER 2021 Session #6: The Future is Open: Democratisation of Knowledge,presentation,
https://doi.org/10.5281/zenodo.6390357,2022-03-28,Open Energy Metadata: Publishing Energy Data Enriched with Ontology References,poster,
https://doi.org/10.5281/zenodo.3540835,2019-11-13,Open Science Online Training package for African scientists,publication,Research in Africa; preprint; OER; Language Diversity
https://doi.org/10.5281/zenodo.3828087,2020-04-26,Ants-Review: a Bounty-like system for Open Anonymous Scientific Peer-Reviews,publication,Blockchain; Ethereum; Bounty; Smart-Contract; Quadratic Funding; Reputation-based incentive protocols; Open Science; Peer-review
https://doi.org/10.1108/BFJ-04-2021-0353,2021-12-13,Exploring the food value chain using open innovation: a bibliometric review of the literature,publication,
https://doi.org/10.5281/zenodo.7054914,2022-03-02,Human Factors Impacting Open Data Availability: Individual Perspectives On Data Sharing,presentation,ocean data management; ocean observation data; psychology; open data; data sharing; open science; research data management; individual perspectives; change management
https://doi.org/10.5281/zenodo.5566786,2021-08-31,"CLS INFRA D1.1 Data Management Plan and Open Research Data Pilot (V1, M6)",publication,Open data; Research data management; Literary studies
https://doi.org/10.5281/zenodo.5835239,2022-01-11,ASSESSING THE EFFECTIVENESS OF STUDENT RETENTION STRATEGIES AT ZIMBABWE OPEN UNIVERSITY,publication,Student retention; Student retention strategies; Open University
https://doi.org/10.5281/zenodo.7226788,2022-10-07,Analyzing Different Software Project Management Tools and Proposing A New Project Management Tool Using Process Re-engineering On Open-source and SAAS Platforms for A Developing Country Like Bangladesh,publication,Project Management Tool; Process Reengineering; Open-source; Software as a Service
https://doi.org/10.5281/zenodo.5730580,2021-11-26,Deliverable 4.2 Open Educational Resources on Responsible Research and Innovation,publication,"open science, RRI, training"
https://doi.org/10.5281/zenodo.3736415,2020-04-01,The Challenge of the Digital Revolution for sub-Saharan Africa: Seizing the Opportunity through Open Science - Report and Policy Brief,publication,Open Science; Africa; Science Granting Councils Initiative; African Open Science Platform
https://doi.org/10.5281/zenodo.7463911,2022-12-20,CoActD2.4: Open Citizen Social Science Toolkit,publication,Citizen Social Science; Toolkit; Open Science
https://doi.org/10.18352/lq.10298,2019-10-31,'Is the library open?': Correlating unaffiliated access to academic libraries with open access support,publication,open knowledge; library access; open access; academic libraries
https://doi.org/10.5281/zenodo.7658890,2023-02-20,Leveraging Open Source  Technologies for Better Services in  the European Software Ecosystem,publication,software technologies; open source; standards
https://doi.org/10.5281/zenodo.3556678,2019-10-03,CEUR-WS.org: Open-Access as a Community Effort,presentation,open access; computer science; open data; scientific publishing
https://doi.org/10.5281/zenodo.5668335,2021-11-10,"""WHAT OPEN SCIENCE DO WE WANT? Challenges and disputes for the democratization of knowledge""",presentation,Open Science; Epistemic Crisis; Global South; Latin America; Platformization of Science; Illiberal Turn
https://doi.org/10.5281/zenodo.7071325,2022-03-18,Measurement of Uniaxially Anisotropic Dielectrics With a Fabry–Perot Open Resonator in the 20–50 GHz Range,publication,Anisotropy; dielectrics; Fabry–Perot open resonator (FPOR); microwaves
https://doi.org/10.5281/zenodo.5608412,2021-08-19,D4.8 Report on possibilities for incorporating open source CAT tool functionality into the TMT,publication,SSHOC; Social Sciences and Humanities Open Cloud; European Open Science Cloud; EOSC; CAT; TMT; TM solution; Translation Memory solution; Translation Management Tool
https://doi.org/10.5281/zenodo.7044841,2022-08-15,Stories of Open Science: Fostering the next generation and adapting to local realities - Dr. Reina Camacho Toro,publication,
https://doi.org/10.1117/1.JATIS.8.1.011004,2021-11-12,Toward a Spanish SKA Regional Centre fully engaged with open science,publication,
https://doi.org/10.5281/zenodo.5498110,2021-09-09,"Diversity, inclusion and collaboration: A critical open knowledge perspective",presentation,
https://doi.org/10.5281/zenodo.4581806,2020-07-31,MS17 Open source CAT TM software selected,publication,SSHOC; Social Sciences and Humanities Open Cloud; European Open Science Cloud; EOSC; Sharing Datasets; metadata interoperability; open source; Computer Assisted Translation; Translation Memory functionalities
https://doi.org/10.5281/zenodo.7780522,2023-03-29,A framework to share healthcare simulations on the web using free and open source tools and python - Conference Presentation Slides,publication,Discrete-event simulation; python; open science; streamlit; binder
https://doi.org/10.5281/zenodo.5572413,2021-10-19,Promoting and Nurturing Interactions with Open Access Books: Strategies for Publishers and Authors,publication,Experimental Publishing; open access; books; monographs; remix; reuse; annotation; versioning; humanities; publishers; authors
https://doi.org/10.5281/zenodo.3503385,2019-10-18,Promote Open Science within the DRIIHM Interdisciplinary Research Facility on Human- Environment Interactions: Co-design of an e-infrastructure implementing the FAIR Principles,publication,open science; e-infrastructure; co-design; awareness; FAIR data
https://doi.org/10.5281/zenodo.3384956,2019-07-08,Three Challenges in Developing Open Multilingual DH Educational Resources: The Case of The Programming Historian,presentation,digital history; digital humanities; digital pedagogy; open access; inclusivity; multilingual educational resources
https://doi.org/10.5281/zenodo.1964760,2018-11-21,Strengthening South-South Cooperation for Advancing Open Access in India & South Asia,publication,South Asia; Open Access; Advocacy; Strategies; eInfrastructure
https://doi.org/10.5281/zenodo.3828067,2020-04-26,Ants-Review: a Bounty-like system for Open Anonymous Scientific Peer-Reviews - DApp design (ETHTurin presentation),presentation,Blockchain; Ethereum; Open Science; Peer-review; Bounty system; DApp
https://doi.org/10.5281/zenodo.4309450,2020-12-03,Galaxy: an open infrastructure for biological data analysis,presentation,biological data; data analysis; COVID-19; service
https://doi.org/10.5281/zenodo.3599137,2019-11-04,Pre-Commercial Procurement: R&D as a Service for the European Open Science Cloud,presentation,
https://doi.org/10.5281/zenodo.7481659,2022-12-25,Open cluster NGC752: revision by GAIA EDR3 data,poster,"open star cluster, Gaia EDR3, personal - NGC752"
https://doi.org/10.5281/zenodo.3553857,2019-11-26,What role can Open Science play in enabling South-North dialogues?,presentation,Open Access; Africa; Global South; preprints
https://doi.org/10.5281/zenodo.3874616,2020-06-03,"Wikidata as an open, collaborative bibliographic database: the case of the National Library of Sweden",poster,wikidata; open knowledge
https://doi.org/10.5281/zenodo.5142808,2021-06-07,Brokerage Event Towards a FAIR Compliant Commons in the ASREN Region (Open Repositories 2021 Workshop) - Agenda with links to slides,presentation,OR2021; FAIR compliance; Arab States Research and Education Network (ASREN)
https://doi.org/10.5281/zenodo.3894573,2018-07-12,Quality Reference Framework (QRF) for the Quality of Massive Open Online Courses (MOOCs),publication,Quality Reference Framework; Learning Quality; Massive Open Online Courses; Online Learning and Education; MOOCs; QRF; Key Quality Criteria; Quality Checklist; Mixed Methods Research; ISO/IEC 40180; MOOQ
https://doi.org/10.5281/zenodo.7527787,2023-01-12,Evaluation of the Open Data Implementation of the City Government of Depok,publication,
https://doi.org/10.5281/zenodo.1507553,2018-10-16,AGINFRA PLUS D3.1 - Open Science Data Analytics Technologies,publication,Open Science Data; gCube system; Virtual Research Environments; data analytics platform; Statistical Algorithm Importer; KNIME workflows; food safety
https://doi.org/10.5281/zenodo.6818082,2022-07-07,"Supporting Diamond Open Access: Research libraries as funders, intermediaries and publishers",other,Panel discussion
https://doi.org/10.5281/zenodo.3856121,2020-05-26,CORBEL Report on impact of integrated access standards tested for open user access,publication,Life science research infrastructures; Cross-RI service pipelines; Cross-RI user access
https://doi.org/10.5281/zenodo.5887361,2021-05-03,Social Sciences & Humanities Open Marketplace: A user-centric service for collaboration and knowledge sharing across the SSH communities,poster,SSHOC; Social Sciences and Humanities Open Cloud; European Open Science Cloud; EOSC
https://doi.org/10.5281/zenodo.3758663,2020-04-20,Where the researcher cannot get: open platforms to collaborate with citizens on cultural heritage research data,publication,Digital Humanities; Web Information Systems; Science with and for Society; co-creation; collaborative platforms
https://doi.org/10.5281/zenodo.5484052,2021-09-20,Open Reviewers Bias Reflection Guide,publication,Peer review; Preprint; Bias
https://doi.org/10.5281/zenodo.7308884,2022-11-09,Towards Openness Beyond Open Access: User Journeys through 3 Open AI Collaboratives,presentation,
https://doi.org/10.5281/zenodo.3341400,2019-07-18,Joint workshops to (re)formulate open research questions of joint interest: The Blue‐Action‐ASOF workshop and the 2nd EU Climate Modelling workshop (D6.2),publication,
https://doi.org/10.3897/VCS/2020/53445,2020-05-04,Vegetation classification goes open access,publication,article processing charge (APC) double-blind learned society open access open data peer review phytosociological nomenclature science funder serial crisis vegetation classification vegetation-plot database
https://doi.org/10.5281/zenodo.7704089,2022-05-12,Slow improvement to the archiving quality of open datasets shared by researchers in ecology and evolution,publication,
https://doi.org/10.5281/zenodo.5595548,2021-10-25,Current Status of Indian Open Access Institutional Repositories (OAIRs) and Its Significance in Pandemic Era,presentation,COVID-19; Digital divide; Education system; Indian Institutional repositories; Open  access; OAIRs; OpenDOAR; Web accessibility
https://doi.org/10.17613/8rty-5628,2019-05-06,Exploring Open Access Ebook Usage,publication,Open-access publishing; Scholarly commons; Scholarly communication; Scholarly cyberinfrastructure; Scholarly publishing
https://doi.org/10.5281/zenodo.3813703,2020-05-07,Three Pillars of the Social Sciences & Humanities Open Marketplace,poster,SSHOC; SSH Open Marketplace; Social Sciences; Humanities; SSHOpenCloud; SSH; SSH Resources; SSH Tools; Research; Open Science; EOSC; Curation; Data Curation; Metadata; Interoperability; DARIAH-EU
https://doi.org/10.5281/zenodo.2599569,2019-03-20,What role can Open Science play  in enabling South-North dialogues?,presentation,preprints; preprint repository; Africa; Open Science; Languages
https://doi.org/10.3390/su11174689,2019-08-28,Training Entrepreneurial Competences with Open Innovation Paradigm in Higher Education,publication,Higher Education; University; Entrepreneurial competences; Employability; Theory of Planned Behaviour (TPB); Open Innovation
https://doi.org/10.3897/biss.3.38059,2019-07-10,DINA: Open Source and Open Services - A modern approach for natural history collection management systems and research,publication,natural history collection management; information system; open source; software development
https://doi.org/10.5281/zenodo.7698876,2023-03-04,Open-Access Repositories Decolonial. How to Set Up a Subject Repository for Documents on International Cultural Relations,publication,Decolonisation; Subject repositories; Open access
https://doi.org/10.5281/zenodo.6812276,2022-07-08,Community-building in action: The Open Access Books Network,presentation,Session 10: Ongoing Open Access: challenges and solutions
https://doi.org/10.5281/zenodo.5415527,2021-09-02,Open Hardware: A key for accelerating science and technology towards the U.N. Sustainable Development Goals (SDGs),publication,open hardware; international policy; science and technology; SDGs
https://doi.org/10.5281/zenodo.4279255,2020-11-18,"How ""open"" are universities? An Australian case study",presentation,
https://doi.org/10.5281/zenodo.3856040,2020-05-26,CORBEL Framework in place for launching transnational open user access via the common LS (formerly BMS) cluster web portal and RI specific user community communication channels,publication,Life science research infrastructures; Transnational cross-RI access; Service pipelines across RIs
https://doi.org/10.5281/zenodo.5494587,2021-03-22,Eurodoc input on UNESCO Recommendation on Open Science,publication,Eurodoc; Early Career Researchers; ECRs; Doctoral Researchers; Junior Researchers; Open Science; UNESCO; Young researchers; PhD; Open Science Ambassadors
https://doi.org/10.5281/zenodo.3935461,2020-07-08,Open Science for a Global Transformation: CODATA coordinated submission to the UNESCO Open Science Consultation,publication,Open Science; FAIR Data; UNESCO Open Science Consultation; UNESCO Open Science Recommendation; UNESCO; CODATA; World Data System; GO FAIR; ICSTI; Data Together; Data Policy; Open Access; Open Data; Data Standards; Semantics; Interoperability; Data Ethics; Data Equity; FAIR Principles; TRUST Principles; CARE Principles
https://doi.org/10.3897/rio.7.e66490,2021-03-25,FAIR and open multilingual clinical trials in Wikidata and Wikipedia,publication,medical information; clinical trials; Wikipedia; Wikidata; translation; India; East Africa; Hindi; Bangla; Bengali; Swahili
https://doi.org/10.5281/zenodo.5541499,2021-09-30,"Landscapes, maps and territories of open education policy  … where do we go from here?",presentation,
https://doi.org/10.5281/zenodo.5537815,2021-09-21,Reviewing Reviewers: An innovative tool for improving quality of local Diamond Open Access Journals,presentation,Diamond Open Access; Reviewing Reviewers; Peer Review; Journals; Incentive
https://doi.org/10.5281/zenodo.5866510,2022-01-17,Un modelo emergente de investigación libre y abierta en educación / Emerging model of free and open research in education,publication,educational research; autho-ethnography; open science; free and open science; investigación educativa; autoetnografía; ciencia abierta; ciencia libre y abierta
https://doi.org/10.5281/zenodo.3738418,2020-04-02,The Open Education policy registry: An open benchlearning tool,publication,Open Policies; Open Educational Resources; Open Education; Open Education Policies; Open Education Practices
https://doi.org/10.5281/zenodo.5997261,2022-02-07,Coordination needed: recurring theme from a recent UK workshop on open research skills,publication,open research; open science; FAIR; Reproducibility; Skills; Training
https://doi.org/10.5281/zenodo.5786272,2021-09-16,Beyond Open Access mandates: institutional repositories as building blocks in open scholarly communication,presentation,repositories; Open Science policies; Serbia; Open Access mandate; visibility; content diversity; research data; repository aggregators
https://doi.org/10.5281/zenodo.4387030,2020-12-22,Open Science Policy Brief for Penilaian Angka Kredit: Transparency and Credibility for World-Class Academics,publication,open science; transparency; credibility
https://doi.org/10.5281/zenodo.7791715,2023-04-01,ArchGym: An Open-Source Gymnasium for Machine Learning Assisted Architecture Design,publication,
https://doi.org/10.5281/zenodo.5764585,2021-11-13,How COVID-19 has an impact on formal education: A collective international evaluation of open education in distance learning,publication,School education; Higher Education; Lifelong learning; Formal education; Distance learning; Education at distance; Open Education; Impact; Global citizenship; COVID-19
https://doi.org/10.5281/zenodo.5082646,2021-07-08,SensApp: a FET-Open project for developing a supersensor able to detect Alzheimer's disease biomarkers in blood,publication,Alzheimer disease; biosensors; SensApp project; Droplet-Spilt-and-Stack.
https://doi.org/10.5281/zenodo.7704698,2023-03-07,The Role of Open Metadata in the SSH Scholarly Communication – Current Challenges in the Context of the TRIPLE Project,publication,Open Science; Data; Metadata; TRIPLE; OPERAS; Data aggregation
https://doi.org/10.3897/rio.8.e86384,2022-11-17,Producing Open Data,publication,research data; data sharing; data repositories; open science
https://doi.org/10.5281/zenodo.7554060,2022-07-16,"Open, multiple, adjunct. Decision support at the time of Relational AI",publication,Artificial Intelligence; Human-Computer Interaction; Relational Artificial Intelligence; Decision support; Interaction protocols; HCI; Machine Learning; Usability; AI; Human-Centered AI; Hybrid Intelligence; Hybrid Human Artificial Intelligence
https://doi.org/10.5281/zenodo.4643819,2021-03-29,Educating data literacy – a holistic concept. A best practice example for open science education.,poster,
https://doi.org/10.3897/rio.7.e66264,2021-04-14,OPTIMETA – Strengthening the Open Access publishing system through open citations and spatiotemporal metadata,publication,open access publishing; open research information; geospatial metadata; open citations
https://doi.org/10.5281/zenodo.7315389,2021-09-23,Building capacity for Open Science through institutional repository training,publication,repositories; skills; training; open science
https://doi.org/10.5281/zenodo.7224682,2022-06-02,Monitoring challenge-oriented smart specialisation.  Opportunities and limitations of open data and semantic techniques. The case of Catalonia.,presentation,Open data; Science and technology policy; Natural language processing; Data visualisation; Smart specialisation strategies
https://doi.org/10.17613/mnwg-sj89,2018-06-27,Bridging Digital Humanities Internal And Open Source Software Projects Through Reusable Building Blocks,poster,"software development, digital humanities, DH2018"
https://doi.org/10.5281/zenodo.4756894,2021-05-04,The Promise of Collaboration: Collective Funding Models and the Integration of Open Access Books into Libraries,publication,Community-led Open Publishing Infrastructures for Monographs (COPIM); OA books; open access; business model; obstacles; libraries; discoverability; consortia; consortial funding; crowdfunding
https://doi.org/10.5281/zenodo.2612826,2019-02-01,"Paywall vs. Open Journalism: Experience of Interaction with the Audience ""The New York Times"" and ""The Guardian""",publication,Paywall; Open Journalism; The New York Times; The Guardian
https://doi.org/10.5281/zenodo.7325489,2022-11-16,Global Research Publications on Open Data: A Scientometric Analysis,publication,Open Data; Scientometric Analysis; Research Data; Publication Trends; Research Patterns
https://doi.org/10.3897/biss.5.75783,2021-09-27,Open Forest Data: Digitalizing and building an online repository,publication,digital repository; biodiversity; Darwin Core; Darwin Core Archive; open software
https://doi.org/10.5281/zenodo.4922730,2021-03-18,D4.7 Code for data exchange between TMT and open-source CAT software,publication,SSHOC; Social Sciences and Humanities Open Cloud; European Open Science Cloud; EOSC; Interoperability
https://doi.org/10.5281/zenodo.1408615,2018-09-04,How to Integrate Open Data with Local Knowledge in Co-designed ICT Solutions?,publication,open data; Information and Communication Technology (ICT) tools; co-design; biodiversity based agriculture; agroecology
https://doi.org/10.3897/biss.3.37715,2019-07-02,Biodiversidata: A Collaborative Initiative Towards Open Data Availability in Uruguay,publication,biodiversity; Uruguay; collaborative strategies; open data
https://doi.org/10.5281/zenodo.5570225,2021-10-14,Open OnDemand App Development and Integration,publication,App Development; Open OnDemand; HPC
https://doi.org/10.1016/j.techsoc.2020.101282,2020-11-01,The role of management support for the implementation of open innovation practices in firms,publication,
https://doi.org/10.5281/zenodo.7341228,2022-10-13,Increased Citations through Open Access Publishing or International Collaboration: A Study of Engineering Publications,publication,Citation Analysis; Scientific Impact; Open Access Publishing; International Collaboration; Engineering Publications
https://doi.org/10.5281/zenodo.6102497,2022-06-08,Open reliability information database,publication,Reliability Data Base; Maintenance; Failure Statistics; Deliverable; European Union (EU); H2020; Project; HYPERRIDE; GA 957788
https://doi.org/10.5281/zenodo.6504754,2022-04-28,Open Access Monographs for Teaching and Research: A Sustainable Model Beyond Book Processing Charges,presentation,Open Access; Monographs; Open Book Collective; Community-led Open Publishing Infrastructures for Monographs (COPIM)
https://doi.org/10.15802/unilib/2019_187423,2019-12-26,The Role of Libraries as Publishers in the Open Education Landscape: Reflecting Modern World Practice of Open Textbooks,publication,Open Textbook; textbook affordability; open education; library as publisher; services; Digital Library Publishing; university libraries; Ukraine
https://doi.org/10.5281/zenodo.1307803,2018-07-04,Scientific and technological knowledge as a global public good: the role of the Internet and the Open Access policies,publication,knowledge; global public goods; Internet; Open Access
https://doi.org/10.5281/zenodo.6787200,2022-07-01,FAIR WISH D1 - List of identified linked open data vocabularies to be included in IGSN metadata,publication,FAIR; IGSN; linked open data vocabularies; Helmholtz Metadata Collaboration
https://doi.org/10.5281/zenodo.6385132,2022-03-25,"What do we mean by ""data"" in the arts and humanities? Final Dissertation in Open Science",publication,open science; FAIR data; humanities; concept of data; survey
https://doi.org/10.5281/zenodo.4045644,2020-06-10,What is it like to be a Giant anteater? Cytoarchitectonic analysis of open data with MicroDraw.,publication,"neuroanatomy, histology, open science, data visualization"
https://doi.org/10.5281/zenodo.3715341,2018-06-23,The Quality of Open Online Education and Learning: Towards a Quality Reference Framework for MOOCs,publication,Quality Reference Framework; Open Education; Online Learning; Massive Open Online Courses; MOOCs; Global MOOC Quality Survey; MOOC learners; MOOC designers; MOOC facilitators; MOOC providers; Pedagogical Model; Mixed methods research; Interviews; Workshops
https://doi.org/10.5281/zenodo.7338941,2020-09-24,Report on the Transnational Conference Open Data and Open Maps for Heritage Protection,publication,Cultural heritage protection; Natural hazards; Open data; Open maps; GIS
https://doi.org/10.3897/biss.2.25121,2018-05-21,Scientific reuse of open biodiversity information from national Living Atlases infrastructures: Using ALA4R for reproducible research studies,publication,ALA4R; Atlas of Living Australia; Living Atlases
https://doi.org/10.5281/zenodo.5566398,2021-09-06,"'Scaling Small': A strategy to support scholar-led, open access book publishing",presentation,
https://doi.org/10.5281/zenodo.7514874,2023-01-09,Artificial intelligence applications in open and distance education: a systematic review of the articles (2007-2021),publication,"artificial intelligence, distance education, intelligent agents, systematic review, Covid 19"
https://doi.org/10.5281/zenodo.7435002,2022-12-13,AGU abstract -- GH15A-06 - Assessing NASA's Open Source Science Outlook for Environmental Justice and Resilience of the Louisiana Gulf Coast (OSO-LoGiC),publication,Open Source Science; Environmental Justice; Louisiana; NASA EpsCor
https://doi.org/10.5281/zenodo.7587976,2023-01-31,"Redesigning the Workspace to propel Social Interaction: ""Open"" Workspace Plan for Productivity and Employee Wellness",publication,
https://doi.org/10.5281/zenodo.7777471,2023-04-18,D2.3. Deployment of intermediate version of hybrid open cloud and processing middleware,publication,
https://doi.org/10.5281/zenodo.5824781,2022-01-06,Designers Initiating Open Innovation With Multistakeholder Through Co-reflection Sessions,publication,co-reflection; open innovation; multi-stakeholder
https://doi.org/10.3897/biss.3.39054,2019-08-20,DaRWIN: An open source natural history collections data management system,publication,data management; natural history collections; standardization; webservices; data quality and cleaning
https://doi.org/10.5281/zenodo.3976800,2020-08-03,Open Access Journals in the Member States of the Association of  Southeast Asian Nations,publication,"Open Access Journals, ASEAN, Citation Index, DOAJ, Scopus"
https://doi.org/10.3897/pls2020571/09,2020-07-03,Does an open access journal about vegetation still make sense in 2020?,publication,open science phytosociology plant diversity plant science
https://doi.org/10.3897/biss.3.37332,2019-06-21,Linked Open Data for Taxonomic Databases: The Nordic/Baltic implementation,publication,checklist; identifier; taxon circumscription; matching; linking
https://doi.org/10.5281/zenodo.5545975,2021-10-02,PHEMTRONICS Open Research Data Pilot- Data Management Plan,publication,
https://doi.org/10.3897/biss.6.93628,2022-08-23,Taiwan Biodiversity Information Facility (TaiBIF)'s Role in Facilitating Open Biodiversity Data in Taiwan,publication,data hosting centre; data infrastructure; data integration; node activity
https://doi.org/10.5281/zenodo.7708552,2023-03-07,"The need for open, transdisciplinary, and ethical science in seismology",publication,Open science; Transdisciplinarity; Ethics; Dynamic seismic risk; Opinion; Seismology
https://doi.org/10.5281/zenodo.4616957,2020-12-03,Feasibility study Open Knowledge Base,publication,open knowledge base; open science; research information systems; open metadata; cris
https://doi.org/10.3897/biss.3.37204,2019-06-19,"Towards Linked Open Molecular Data: Recommendations for researchers, collections, infrastructures and publishers",publication,GGBN; Linked Open Data; INSDC; GBIF
https://doi.org/10.5281/zenodo.6436244,2022-04-10,Observing and Promoting Innovation in the Music Ecosystem and Future Trends in Music with Open Data and Open Collaboration,publication,Digital Music Observatory; Trustworthy AI; Blockchain in music; Music tech
https://doi.org/10.5281/zenodo.1319636,2018-09-04,Open Learning Resource Structures in the Activation of VET Learners,publication,
https://doi.org/10.5281/zenodo.7248259,2022-10-27,Taxonomic Treatments as Open  FAIR Digital Objects,presentation,biodiversity; FAIR; taxonomic treatment
https://doi.org/10.3897/biss.3.36389,2019-06-18,Introducing Nature 4.0: A sensor network for environmental monitoring in the Marburg Open Forest,publication,sensor networks; environmental monitoring; remote sensing; data integration; conservation biology
https://doi.org/10.5281/zenodo.4331683,2020-12-17,A DATA EXTRACTION ALGORITHM FROM OPEN SOURCE SOFTWARE PROJECT REPOSITORIES FOR BUILDING DURATION ESTIMATION MODELS: CASE STUDY OF GITHUB,publication,
https://doi.org/10.5281/zenodo.3965101,2020-07-28,Improving Collaboration among Civil Society Organizations : Assessing the Risks of Cross-border Open Data Sharing in the Lower Mekong Region,publication,open data; data sharing; risk assessment; civil society organizations; lower Mekong region
https://doi.org/10.5281/zenodo.6976176,2022-08-09,Linked Open Time: Reproducible LOD-driven workflows and research tools for validating Roman Limes and Hadrian's Wall relative time intervals based on Samian (Terra Sigillata),presentation,Linked Open Data; Allen Algebra; Relative Chronology; Samian Ware; Archaeology; Terra Sigillata
https://doi.org/10.5281/zenodo.2842593,2019-05-15,"Insights into the Economy of Open Scholarship: A look into Zenodo with Tim Smith, head of collaboration, devices and applications, CERN/IT",publication,"open scholarship, open science, economic, open, interview, Knowledge Exchange, KE"
https://doi.org/10.5281/zenodo.5577950,2021-10-20,Community-led Open Publication Infrastructures for Monographs (COPIM): Annual Report - Year 2 (2020-2021),publication,Humanities; publishing; monographs; books; infrastructures; Social Sciences; open source; not-for-profit; community-led; open access
https://doi.org/10.3897/rio.8.e93709,2022-08-25,Taxonomic Treatments as Open FAIR Digital Objects,publication,biodiversity; taxonomy; Zenodo; GBIF; SIBiLS; SIB
https://doi.org/10.5281/zenodo.6449716,2022-04-10,Measuring and Monitoring the Diversity of European Music Circulation with Open Source Technology and Data Sharing Within the Digital Music Observatory,publication,Music recommendations; Music streaming; Local content regulation; Music Moves Europe; Digital Music Observatory; Open Policy Analysis
https://doi.org/10.5281/zenodo.6435530,2022-04-10,"Measuring and Monitoring Music, Society and Citizenship Data with Open  Source Technology and Data Sharing Witin the Digital Music Observatory",publication,Survery harmonization; Cultural Access and Participation; Music audiences; Music education
https://doi.org/10.3897/BDJ.7.e36226,2019-06-20,Biodiversidata: An Open-Access Biodiversity Database for Uruguay,publication,Uruguay; Biodiversity; Species Occurrence Records; Tetrapods; Amphibia; Reptilia; Aves; Mammalia
https://doi.org/10.5281/zenodo.7635461,2023-02-13,Comparing open-source DEM frameworks for simulations of common bulk processes,publication,"Open source, Discrete Element Method, Benchmarks"
https://doi.org/10.1098/rspb.2023.0019,2023-04-19,Origin of adaptations to open environments and social behaviour in sabretoothed cats from the northeastern border of the Tibetan Plateau,publication,Biodiversity; Taxonomy; Animalia; Chordata; Mammalia; Carnivora; Felidae
https://doi.org/10.1080/0951192x.2019.1599436,2019-06-12,An open source approach to the design and implementation of Digital Twins for Smart Manufacturing,publication,Digital Twin; Smart CPS; Open source technology; Micro-services architecture
https://doi.org/10.5281/zenodo.5812431,2021-12-31,Carryover toxicity of water treatment technologies. Open science graphical report,presentation,"Carryover Toxicity, zeolite, solar, Compound Parabolic Concentrator, ecotoxicology, water disinfection, potable water, hospital wastewater"
https://doi.org/10.5281/zenodo.5654939,2021-10-21,OE4BW Open Jam Jar Framework,publication,Open education
https://doi.org/10.5281/zenodo.2263469,2018-12-14,Open Data & Data Literacy,publication,"open data, data literacy"
https://doi.org/10.5281/zenodo.1412438,2018-09-10,SOME IMPORTANT ISSUES IN FREE AND OPEN SOURCE SOFTWARE,publication,"FOSS, free and open source software, proprietary software, participants, Richard Stallman"
